ISO-10303-21;
HEADER;
/* Generated by software containing ST-Developer
 * from STEP Tools, Inc. (www.steptools.com) 
 */

FILE_DESCRIPTION(
/* description */ ('KiCad electronic assembly'),
/* implementation_level */ '2;1');

FILE_NAME(
/* name */ 'Hacky.step',
/* time_stamp */ '2026-06-20T16:40:39+04:00',
/* author */ (''),
/* organization */ (''),
/* preprocessor_version */ 'ST-DEVELOPER v20.1',
/* originating_system */ 'Autodesk Translation Framework v15.8.0.0',
/* authorisation */ '');

FILE_SCHEMA (('AUTOMOTIVE_DESIGN { 1 0 10303 214 3 1 1 }'));
ENDSEC;

DATA;
#10=MECHANICAL_DESIGN_GEOMETRIC_PRESENTATION_REPRESENTATION('',(#21,#22,
#23),#2497);
#11=SHAPE_REPRESENTATION_RELATIONSHIP('SRR','None',#2503,#12);
#12=ADVANCED_BREP_SHAPE_REPRESENTATION('',(#24,#25,#26),#2496);
#13=ELLIPSE('',#1612,10.0068886280019,9.99999999999998);
#14=ELLIPSE('',#1613,10.0068886280019,10.);
#15=ELLIPSE('',#1614,10.0068886280019,10.);
#16=ELLIPSE('',#1615,10.0068886280019,10.);
#17=TOROIDAL_SURFACE('',#1548,9.,1.);
#18=TOROIDAL_SURFACE('',#1554,9.,1.);
#19=TOROIDAL_SURFACE('',#1560,9.,1.);
#20=TOROIDAL_SURFACE('',#1566,9.,1.);
#21=STYLED_ITEM('',(#2512),#24);
#22=STYLED_ITEM('',(#2512),#25);
#23=STYLED_ITEM('',(#2512),#26);
#24=MANIFOLD_SOLID_BREP('Body1',#1479);
#25=MANIFOLD_SOLID_BREP('Body2',#1480);
#26=MANIFOLD_SOLID_BREP('Body4',#1481);
#27=FACE_BOUND('',#176,.T.);
#28=FACE_BOUND('',#178,.T.);
#29=FACE_BOUND('',#181,.T.);
#30=FACE_BOUND('',#184,.T.);
#31=FACE_BOUND('',#201,.T.);
#32=FACE_BOUND('',#202,.T.);
#33=FACE_BOUND('',#203,.T.);
#34=FACE_BOUND('',#215,.T.);
#35=FACE_BOUND('',#216,.T.);
#36=FACE_BOUND('',#240,.T.);
#37=CYLINDRICAL_SURFACE('',#1490,5.00000007450581);
#38=CYLINDRICAL_SURFACE('',#1494,5.00000007450581);
#39=CYLINDRICAL_SURFACE('',#1498,5.00000007450581);
#40=CYLINDRICAL_SURFACE('',#1502,5.00000007450581);
#41=CYLINDRICAL_SURFACE('',#1510,10.);
#42=CYLINDRICAL_SURFACE('',#1514,10.);
#43=CYLINDRICAL_SURFACE('',#1518,9.99999999999998);
#44=CYLINDRICAL_SURFACE('',#1522,10.);
#45=CYLINDRICAL_SURFACE('',#1527,2.00000002980285);
#46=CYLINDRICAL_SURFACE('',#1532,2.00000002980232);
#47=CYLINDRICAL_SURFACE('',#1537,6.5);
#48=CYLINDRICAL_SURFACE('',#1541,6.5);
#49=CYLINDRICAL_SURFACE('',#1545,1.);
#50=CYLINDRICAL_SURFACE('',#1552,1.);
#51=CYLINDRICAL_SURFACE('',#1558,1.);
#52=CYLINDRICAL_SURFACE('',#1564,1.);
#53=CYLINDRICAL_SURFACE('',#1569,10.);
#54=CYLINDRICAL_SURFACE('',#1571,10.);
#55=CYLINDRICAL_SURFACE('',#1581,2.35);
#56=CYLINDRICAL_SURFACE('',#1582,2.35);
#57=CYLINDRICAL_SURFACE('',#1583,10.);
#58=CYLINDRICAL_SURFACE('',#1586,10.);
#59=CYLINDRICAL_SURFACE('',#1590,4.80000007450581);
#60=CYLINDRICAL_SURFACE('',#1595,4.80000007450581);
#61=CYLINDRICAL_SURFACE('',#1600,4.80000007450581);
#62=CYLINDRICAL_SURFACE('',#1605,4.80000007450581);
#63=CYLINDRICAL_SURFACE('',#1616,10.);
#64=CYLINDRICAL_SURFACE('',#1619,10.);
#65=CYLINDRICAL_SURFACE('',#1622,10.);
#66=CYLINDRICAL_SURFACE('',#1625,9.99999999999998);
#67=FACE_OUTER_BOUND('',#149,.T.);
#68=FACE_OUTER_BOUND('',#150,.T.);
#69=FACE_OUTER_BOUND('',#151,.T.);
#70=FACE_OUTER_BOUND('',#152,.T.);
#71=FACE_OUTER_BOUND('',#153,.T.);
#72=FACE_OUTER_BOUND('',#154,.T.);
#73=FACE_OUTER_BOUND('',#155,.T.);
#74=FACE_OUTER_BOUND('',#156,.T.);
#75=FACE_OUTER_BOUND('',#157,.T.);
#76=FACE_OUTER_BOUND('',#158,.T.);
#77=FACE_OUTER_BOUND('',#159,.T.);
#78=FACE_OUTER_BOUND('',#160,.T.);
#79=FACE_OUTER_BOUND('',#161,.T.);
#80=FACE_OUTER_BOUND('',#162,.T.);
#81=FACE_OUTER_BOUND('',#163,.T.);
#82=FACE_OUTER_BOUND('',#164,.T.);
#83=FACE_OUTER_BOUND('',#165,.T.);
#84=FACE_OUTER_BOUND('',#166,.T.);
#85=FACE_OUTER_BOUND('',#167,.T.);
#86=FACE_OUTER_BOUND('',#168,.T.);
#87=FACE_OUTER_BOUND('',#169,.T.);
#88=FACE_OUTER_BOUND('',#170,.T.);
#89=FACE_OUTER_BOUND('',#171,.T.);
#90=FACE_OUTER_BOUND('',#172,.T.);
#91=FACE_OUTER_BOUND('',#173,.T.);
#92=FACE_OUTER_BOUND('',#174,.T.);
#93=FACE_OUTER_BOUND('',#175,.T.);
#94=FACE_OUTER_BOUND('',#177,.T.);
#95=FACE_OUTER_BOUND('',#179,.T.);
#96=FACE_OUTER_BOUND('',#180,.T.);
#97=FACE_OUTER_BOUND('',#182,.T.);
#98=FACE_OUTER_BOUND('',#183,.T.);
#99=FACE_OUTER_BOUND('',#185,.T.);
#100=FACE_OUTER_BOUND('',#186,.T.);
#101=FACE_OUTER_BOUND('',#187,.T.);
#102=FACE_OUTER_BOUND('',#188,.T.);
#103=FACE_OUTER_BOUND('',#189,.T.);
#104=FACE_OUTER_BOUND('',#190,.T.);
#105=FACE_OUTER_BOUND('',#191,.T.);
#106=FACE_OUTER_BOUND('',#192,.T.);
#107=FACE_OUTER_BOUND('',#193,.T.);
#108=FACE_OUTER_BOUND('',#194,.T.);
#109=FACE_OUTER_BOUND('',#195,.T.);
#110=FACE_OUTER_BOUND('',#196,.T.);
#111=FACE_OUTER_BOUND('',#197,.T.);
#112=FACE_OUTER_BOUND('',#198,.T.);
#113=FACE_OUTER_BOUND('',#199,.T.);
#114=FACE_OUTER_BOUND('',#200,.T.);
#115=FACE_OUTER_BOUND('',#204,.T.);
#116=FACE_OUTER_BOUND('',#205,.T.);
#117=FACE_OUTER_BOUND('',#206,.T.);
#118=FACE_OUTER_BOUND('',#207,.T.);
#119=FACE_OUTER_BOUND('',#208,.T.);
#120=FACE_OUTER_BOUND('',#209,.T.);
#121=FACE_OUTER_BOUND('',#210,.T.);
#122=FACE_OUTER_BOUND('',#211,.T.);
#123=FACE_OUTER_BOUND('',#212,.T.);
#124=FACE_OUTER_BOUND('',#213,.T.);
#125=FACE_OUTER_BOUND('',#214,.T.);
#126=FACE_OUTER_BOUND('',#217,.T.);
#127=FACE_OUTER_BOUND('',#218,.T.);
#128=FACE_OUTER_BOUND('',#219,.T.);
#129=FACE_OUTER_BOUND('',#220,.T.);
#130=FACE_OUTER_BOUND('',#221,.T.);
#131=FACE_OUTER_BOUND('',#222,.T.);
#132=FACE_OUTER_BOUND('',#223,.T.);
#133=FACE_OUTER_BOUND('',#224,.T.);
#134=FACE_OUTER_BOUND('',#225,.T.);
#135=FACE_OUTER_BOUND('',#226,.T.);
#136=FACE_OUTER_BOUND('',#227,.T.);
#137=FACE_OUTER_BOUND('',#228,.T.);
#138=FACE_OUTER_BOUND('',#229,.T.);
#139=FACE_OUTER_BOUND('',#230,.T.);
#140=FACE_OUTER_BOUND('',#231,.T.);
#141=FACE_OUTER_BOUND('',#232,.T.);
#142=FACE_OUTER_BOUND('',#233,.T.);
#143=FACE_OUTER_BOUND('',#234,.T.);
#144=FACE_OUTER_BOUND('',#235,.T.);
#145=FACE_OUTER_BOUND('',#236,.T.);
#146=FACE_OUTER_BOUND('',#237,.T.);
#147=FACE_OUTER_BOUND('',#238,.T.);
#148=FACE_OUTER_BOUND('',#239,.T.);
#149=EDGE_LOOP('',(#933,#934,#935,#936,#937,#938,#939,#940,#941,#942,#943,
#944));
#150=EDGE_LOOP('',(#945,#946,#947,#948));
#151=EDGE_LOOP('',(#949,#950,#951,#952));
#152=EDGE_LOOP('',(#953,#954,#955,#956));
#153=EDGE_LOOP('',(#957,#958,#959,#960));
#154=EDGE_LOOP('',(#961,#962,#963,#964));
#155=EDGE_LOOP('',(#965,#966,#967,#968));
#156=EDGE_LOOP('',(#969,#970,#971,#972));
#157=EDGE_LOOP('',(#973,#974,#975,#976));
#158=EDGE_LOOP('',(#977,#978,#979,#980));
#159=EDGE_LOOP('',(#981,#982,#983,#984));
#160=EDGE_LOOP('',(#985,#986,#987,#988));
#161=EDGE_LOOP('',(#989,#990,#991,#992));
#162=EDGE_LOOP('',(#993,#994,#995,#996));
#163=EDGE_LOOP('',(#997,#998,#999,#1000));
#164=EDGE_LOOP('',(#1001,#1002,#1003,#1004));
#165=EDGE_LOOP('',(#1005,#1006,#1007,#1008));
#166=EDGE_LOOP('',(#1009,#1010,#1011,#1012));
#167=EDGE_LOOP('',(#1013,#1014,#1015,#1016));
#168=EDGE_LOOP('',(#1017,#1018,#1019,#1020));
#169=EDGE_LOOP('',(#1021,#1022,#1023,#1024));
#170=EDGE_LOOP('',(#1025,#1026,#1027,#1028));
#171=EDGE_LOOP('',(#1029,#1030,#1031,#1032));
#172=EDGE_LOOP('',(#1033,#1034,#1035,#1036));
#173=EDGE_LOOP('',(#1037,#1038,#1039,#1040));
#174=EDGE_LOOP('',(#1041,#1042,#1043,#1044));
#175=EDGE_LOOP('',(#1045,#1046,#1047,#1048,#1049,#1050,#1051,#1052));
#176=EDGE_LOOP('',(#1053,#1054,#1055,#1056));
#177=EDGE_LOOP('',(#1057,#1058,#1059,#1060,#1061,#1062,#1063,#1064));
#178=EDGE_LOOP('',(#1065,#1066,#1067,#1068,#1069,#1070,#1071,#1072,#1073,
#1074,#1075,#1076));
#179=EDGE_LOOP('',(#1077,#1078,#1079,#1080));
#180=EDGE_LOOP('',(#1081));
#181=EDGE_LOOP('',(#1082));
#182=EDGE_LOOP('',(#1083,#1084,#1085,#1086));
#183=EDGE_LOOP('',(#1087));
#184=EDGE_LOOP('',(#1088));
#185=EDGE_LOOP('',(#1089,#1090,#1091,#1092));
#186=EDGE_LOOP('',(#1093,#1094,#1095,#1096));
#187=EDGE_LOOP('',(#1097,#1098,#1099,#1100));
#188=EDGE_LOOP('',(#1101,#1102,#1103,#1104,#1105,#1106,#1107,#1108));
#189=EDGE_LOOP('',(#1109,#1110,#1111,#1112));
#190=EDGE_LOOP('',(#1113,#1114,#1115,#1116));
#191=EDGE_LOOP('',(#1117,#1118,#1119,#1120));
#192=EDGE_LOOP('',(#1121,#1122,#1123,#1124));
#193=EDGE_LOOP('',(#1125,#1126,#1127,#1128));
#194=EDGE_LOOP('',(#1129,#1130,#1131,#1132));
#195=EDGE_LOOP('',(#1133,#1134,#1135,#1136));
#196=EDGE_LOOP('',(#1137,#1138,#1139,#1140));
#197=EDGE_LOOP('',(#1141,#1142,#1143,#1144));
#198=EDGE_LOOP('',(#1145,#1146,#1147,#1148));
#199=EDGE_LOOP('',(#1149,#1150,#1151,#1152));
#200=EDGE_LOOP('',(#1153,#1154,#1155,#1156,#1157,#1158,#1159,#1160));
#201=EDGE_LOOP('',(#1161,#1162,#1163,#1164));
#202=EDGE_LOOP('',(#1165));
#203=EDGE_LOOP('',(#1166));
#204=EDGE_LOOP('',(#1167,#1168,#1169,#1170,#1171,#1172,#1173,#1174));
#205=EDGE_LOOP('',(#1175,#1176,#1177,#1178));
#206=EDGE_LOOP('',(#1179,#1180,#1181,#1182));
#207=EDGE_LOOP('',(#1183,#1184,#1185,#1186));
#208=EDGE_LOOP('',(#1187,#1188,#1189,#1190));
#209=EDGE_LOOP('',(#1191,#1192,#1193,#1194));
#210=EDGE_LOOP('',(#1195,#1196,#1197,#1198));
#211=EDGE_LOOP('',(#1199,#1200,#1201,#1202));
#212=EDGE_LOOP('',(#1203,#1204,#1205,#1206));
#213=EDGE_LOOP('',(#1207,#1208,#1209,#1210));
#214=EDGE_LOOP('',(#1211,#1212,#1213,#1214,#1215,#1216,#1217,#1218,#1219,
#1220,#1221,#1222,#1223,#1224,#1225,#1226));
#215=EDGE_LOOP('',(#1227));
#216=EDGE_LOOP('',(#1228));
#217=EDGE_LOOP('',(#1229,#1230,#1231,#1232));
#218=EDGE_LOOP('',(#1233,#1234,#1235,#1236));
#219=EDGE_LOOP('',(#1237,#1238,#1239,#1240));
#220=EDGE_LOOP('',(#1241,#1242,#1243,#1244));
#221=EDGE_LOOP('',(#1245,#1246,#1247,#1248));
#222=EDGE_LOOP('',(#1249,#1250,#1251,#1252));
#223=EDGE_LOOP('',(#1253,#1254,#1255,#1256));
#224=EDGE_LOOP('',(#1257,#1258,#1259,#1260));
#225=EDGE_LOOP('',(#1261,#1262,#1263,#1264));
#226=EDGE_LOOP('',(#1265,#1266,#1267,#1268));
#227=EDGE_LOOP('',(#1269,#1270,#1271,#1272));
#228=EDGE_LOOP('',(#1273,#1274,#1275,#1276));
#229=EDGE_LOOP('',(#1277,#1278,#1279,#1280,#1281,#1282,#1283,#1284,#1285,
#1286,#1287,#1288));
#230=EDGE_LOOP('',(#1289,#1290,#1291,#1292,#1293,#1294,#1295,#1296));
#231=EDGE_LOOP('',(#1297,#1298,#1299,#1300));
#232=EDGE_LOOP('',(#1301,#1302,#1303,#1304));
#233=EDGE_LOOP('',(#1305,#1306,#1307,#1308));
#234=EDGE_LOOP('',(#1309,#1310,#1311,#1312));
#235=EDGE_LOOP('',(#1313,#1314,#1315,#1316));
#236=EDGE_LOOP('',(#1317,#1318,#1319,#1320));
#237=EDGE_LOOP('',(#1321,#1322,#1323,#1324));
#238=EDGE_LOOP('',(#1325,#1326,#1327,#1328));
#239=EDGE_LOOP('',(#1329,#1330,#1331,#1332,#1333,#1334,#1335,#1336));
#240=EDGE_LOOP('',(#1337,#1338,#1339,#1340,#1341,#1342,#1343,#1344,#1345,
#1346,#1347,#1348));
#241=LINE('',#2073,#385);
#242=LINE('',#2075,#386);
#243=LINE('',#2079,#387);
#244=LINE('',#2081,#388);
#245=LINE('',#2085,#389);
#246=LINE('',#2087,#390);
#247=LINE('',#2091,#391);
#248=LINE('',#2092,#392);
#249=LINE('',#2096,#393);
#250=LINE('',#2097,#394);
#251=LINE('',#2098,#395);
#252=LINE('',#2101,#396);
#253=LINE('',#2102,#397);
#254=LINE('',#2106,#398);
#255=LINE('',#2109,#399);
#256=LINE('',#2110,#400);
#257=LINE('',#2113,#401);
#258=LINE('',#2114,#402);
#259=LINE('',#2118,#403);
#260=LINE('',#2121,#404);
#261=LINE('',#2122,#405);
#262=LINE('',#2125,#406);
#263=LINE('',#2126,#407);
#264=LINE('',#2130,#408);
#265=LINE('',#2133,#409);
#266=LINE('',#2134,#410);
#267=LINE('',#2137,#411);
#268=LINE('',#2138,#412);
#269=LINE('',#2144,#413);
#270=LINE('',#2146,#414);
#271=LINE('',#2148,#415);
#272=LINE('',#2149,#416);
#273=LINE('',#2152,#417);
#274=LINE('',#2154,#418);
#275=LINE('',#2155,#419);
#276=LINE('',#2158,#420);
#277=LINE('',#2159,#421);
#278=LINE('',#2162,#422);
#279=LINE('',#2163,#423);
#280=LINE('',#2165,#424);
#281=LINE('',#2169,#425);
#282=LINE('',#2171,#426);
#283=LINE('',#2173,#427);
#284=LINE('',#2174,#428);
#285=LINE('',#2180,#429);
#286=LINE('',#2183,#430);
#287=LINE('',#2185,#431);
#288=LINE('',#2186,#432);
#289=LINE('',#2192,#433);
#290=LINE('',#2195,#434);
#291=LINE('',#2197,#435);
#292=LINE('',#2198,#436);
#293=LINE('',#2204,#437);
#294=LINE('',#2207,#438);
#295=LINE('',#2209,#439);
#296=LINE('',#2210,#440);
#297=LINE('',#2220,#441);
#298=LINE('',#2229,#442);
#299=LINE('',#2239,#443);
#300=LINE('',#2242,#444);
#301=LINE('',#2245,#445);
#302=LINE('',#2247,#446);
#303=LINE('',#2248,#447);
#304=LINE('',#2254,#448);
#305=LINE('',#2257,#449);
#306=LINE('',#2259,#450);
#307=LINE('',#2261,#451);
#308=LINE('',#2263,#452);
#309=LINE('',#2264,#453);
#310=LINE('',#2270,#454);
#311=LINE('',#2273,#455);
#312=LINE('',#2282,#456);
#313=LINE('',#2293,#457);
#314=LINE('',#2294,#458);
#315=LINE('',#2305,#459);
#316=LINE('',#2306,#460);
#317=LINE('',#2313,#461);
#318=LINE('',#2316,#462);
#319=LINE('',#2320,#463);
#320=LINE('',#2321,#464);
#321=LINE('',#2325,#465);
#322=LINE('',#2327,#466);
#323=LINE('',#2329,#467);
#324=LINE('',#2330,#468);
#325=LINE('',#2337,#469);
#326=LINE('',#2338,#470);
#327=LINE('',#2340,#471);
#328=LINE('',#2341,#472);
#329=LINE('',#2344,#473);
#330=LINE('',#2345,#474);
#331=LINE('',#2348,#475);
#332=LINE('',#2349,#476);
#333=LINE('',#2351,#477);
#334=LINE('',#2353,#478);
#335=LINE('',#2355,#479);
#336=LINE('',#2358,#480);
#337=LINE('',#2362,#481);
#338=LINE('',#2363,#482);
#339=LINE('',#2366,#483);
#340=LINE('',#2369,#484);
#341=LINE('',#2376,#485);
#342=LINE('',#2379,#486);
#343=LINE('',#2382,#487);
#344=LINE('',#2384,#488);
#345=LINE('',#2385,#489);
#346=LINE('',#2388,#490);
#347=LINE('',#2390,#491);
#348=LINE('',#2391,#492);
#349=LINE('',#2396,#493);
#350=LINE('',#2400,#494);
#351=LINE('',#2402,#495);
#352=LINE('',#2403,#496);
#353=LINE('',#2406,#497);
#354=LINE('',#2408,#498);
#355=LINE('',#2409,#499);
#356=LINE('',#2414,#500);
#357=LINE('',#2418,#501);
#358=LINE('',#2420,#502);
#359=LINE('',#2421,#503);
#360=LINE('',#2424,#504);
#361=LINE('',#2426,#505);
#362=LINE('',#2427,#506);
#363=LINE('',#2432,#507);
#364=LINE('',#2436,#508);
#365=LINE('',#2438,#509);
#366=LINE('',#2439,#510);
#367=LINE('',#2441,#511);
#368=LINE('',#2442,#512);
#369=LINE('',#2449,#513);
#370=LINE('',#2453,#514);
#371=LINE('',#2457,#515);
#372=LINE('',#2460,#516);
#373=LINE('',#2463,#517);
#374=LINE('',#2466,#518);
#375=LINE('',#2469,#519);
#376=LINE('',#2470,#520);
#377=LINE('',#2473,#521);
#378=LINE('',#2477,#522);
#379=LINE('',#2478,#523);
#380=LINE('',#2481,#524);
#381=LINE('',#2485,#525);
#382=LINE('',#2486,#526);
#383=LINE('',#2489,#527);
#384=LINE('',#2492,#528);
#385=VECTOR('',#1635,10.);
#386=VECTOR('',#1636,10.);
#387=VECTOR('',#1639,10.);
#388=VECTOR('',#1640,10.);
#389=VECTOR('',#1643,10.);
#390=VECTOR('',#1644,10.);
#391=VECTOR('',#1647,10.);
#392=VECTOR('',#1648,10.);
#393=VECTOR('',#1651,10.);
#394=VECTOR('',#1652,10.);
#395=VECTOR('',#1653,10.);
#396=VECTOR('',#1656,10.);
#397=VECTOR('',#1657,10.);
#398=VECTOR('',#1662,10.);
#399=VECTOR('',#1665,10.);
#400=VECTOR('',#1666,10.);
#401=VECTOR('',#1669,10.);
#402=VECTOR('',#1670,10.);
#403=VECTOR('',#1675,10.);
#404=VECTOR('',#1678,10.);
#405=VECTOR('',#1679,10.);
#406=VECTOR('',#1682,10.);
#407=VECTOR('',#1683,10.);
#408=VECTOR('',#1688,10.);
#409=VECTOR('',#1691,10.);
#410=VECTOR('',#1692,10.);
#411=VECTOR('',#1695,10.);
#412=VECTOR('',#1696,10.);
#413=VECTOR('',#1703,10.);
#414=VECTOR('',#1704,10.);
#415=VECTOR('',#1705,10.);
#416=VECTOR('',#1706,10.);
#417=VECTOR('',#1709,10.);
#418=VECTOR('',#1710,10.);
#419=VECTOR('',#1711,10.);
#420=VECTOR('',#1714,10.);
#421=VECTOR('',#1715,10.);
#422=VECTOR('',#1718,10.);
#423=VECTOR('',#1719,10.);
#424=VECTOR('',#1722,10.);
#425=VECTOR('',#1725,10.);
#426=VECTOR('',#1726,10.);
#427=VECTOR('',#1727,10.);
#428=VECTOR('',#1728,10.);
#429=VECTOR('',#1735,10.);
#430=VECTOR('',#1738,10.);
#431=VECTOR('',#1739,10.);
#432=VECTOR('',#1740,10.);
#433=VECTOR('',#1747,10.);
#434=VECTOR('',#1750,10.);
#435=VECTOR('',#1751,10.);
#436=VECTOR('',#1752,10.);
#437=VECTOR('',#1759,10.);
#438=VECTOR('',#1762,10.);
#439=VECTOR('',#1763,10.);
#440=VECTOR('',#1764,10.);
#441=VECTOR('',#1779,2.00000002980285);
#442=VECTOR('',#1790,2.00000002980232);
#443=VECTOR('',#1801,10.);
#444=VECTOR('',#1804,10.);
#445=VECTOR('',#1807,10.);
#446=VECTOR('',#1808,10.);
#447=VECTOR('',#1809,10.);
#448=VECTOR('',#1816,10.);
#449=VECTOR('',#1819,10.);
#450=VECTOR('',#1820,10.);
#451=VECTOR('',#1821,10.);
#452=VECTOR('',#1822,10.);
#453=VECTOR('',#1823,10.);
#454=VECTOR('',#1828,10.);
#455=VECTOR('',#1831,10.);
#456=VECTOR('',#1844,10.);
#457=VECTOR('',#1857,10.);
#458=VECTOR('',#1858,10.);
#459=VECTOR('',#1871,10.);
#460=VECTOR('',#1872,10.);
#461=VECTOR('',#1883,10.);
#462=VECTOR('',#1886,10.);
#463=VECTOR('',#1891,10.);
#464=VECTOR('',#1892,10.);
#465=VECTOR('',#1895,10.);
#466=VECTOR('',#1896,10.);
#467=VECTOR('',#1897,10.);
#468=VECTOR('',#1898,10.);
#469=VECTOR('',#1905,10.);
#470=VECTOR('',#1906,10.);
#471=VECTOR('',#1907,10.);
#472=VECTOR('',#1908,10.);
#473=VECTOR('',#1911,10.);
#474=VECTOR('',#1912,10.);
#475=VECTOR('',#1915,10.);
#476=VECTOR('',#1916,10.);
#477=VECTOR('',#1919,10.);
#478=VECTOR('',#1922,2.35);
#479=VECTOR('',#1925,2.35);
#480=VECTOR('',#1928,10.);
#481=VECTOR('',#1933,10.);
#482=VECTOR('',#1934,10.);
#483=VECTOR('',#1937,10.);
#484=VECTOR('',#1942,10.);
#485=VECTOR('',#1949,10.);
#486=VECTOR('',#1952,10.);
#487=VECTOR('',#1955,10.);
#488=VECTOR('',#1956,10.);
#489=VECTOR('',#1957,10.);
#490=VECTOR('',#1960,10.);
#491=VECTOR('',#1961,10.);
#492=VECTOR('',#1962,10.);
#493=VECTOR('',#1967,10.);
#494=VECTOR('',#1972,10.);
#495=VECTOR('',#1973,10.);
#496=VECTOR('',#1974,10.);
#497=VECTOR('',#1977,10.);
#498=VECTOR('',#1978,10.);
#499=VECTOR('',#1979,10.);
#500=VECTOR('',#1984,10.);
#501=VECTOR('',#1989,10.);
#502=VECTOR('',#1990,10.);
#503=VECTOR('',#1991,10.);
#504=VECTOR('',#1994,10.);
#505=VECTOR('',#1995,10.);
#506=VECTOR('',#1996,10.);
#507=VECTOR('',#2001,10.);
#508=VECTOR('',#2006,10.);
#509=VECTOR('',#2007,10.);
#510=VECTOR('',#2008,10.);
#511=VECTOR('',#2011,10.);
#512=VECTOR('',#2012,10.);
#513=VECTOR('',#2019,10.);
#514=VECTOR('',#2022,10.);
#515=VECTOR('',#2025,10.);
#516=VECTOR('',#2028,10.);
#517=VECTOR('',#2031,10.);
#518=VECTOR('',#2034,10.);
#519=VECTOR('',#2037,10.);
#520=VECTOR('',#2038,10.);
#521=VECTOR('',#2041,10.);
#522=VECTOR('',#2046,10.);
#523=VECTOR('',#2047,10.);
#524=VECTOR('',#2050,10.);
#525=VECTOR('',#2055,10.);
#526=VECTOR('',#2056,10.);
#527=VECTOR('',#2059,10.);
#528=VECTOR('',#2064,10.);
#529=CIRCLE('',#1484,5.00000007450581);
#530=CIRCLE('',#1485,5.00000007450581);
#531=CIRCLE('',#1486,5.00000007450581);
#532=CIRCLE('',#1487,5.00000007450581);
#533=CIRCLE('',#1491,5.00000007450581);
#534=CIRCLE('',#1495,5.00000007450581);
#535=CIRCLE('',#1499,5.00000007450581);
#536=CIRCLE('',#1503,5.00000007450581);
#537=CIRCLE('',#1511,10.);
#538=CIRCLE('',#1512,10.);
#539=CIRCLE('',#1515,10.);
#540=CIRCLE('',#1516,10.);
#541=CIRCLE('',#1519,9.99999999999998);
#542=CIRCLE('',#1520,9.99999999999998);
#543=CIRCLE('',#1523,10.);
#544=CIRCLE('',#1524,10.);
#545=CIRCLE('',#1528,2.00000002980285);
#546=CIRCLE('',#1529,2.00000002980285);
#547=CIRCLE('',#1531,2.35);
#548=CIRCLE('',#1533,2.00000002980232);
#549=CIRCLE('',#1534,2.00000002980232);
#550=CIRCLE('',#1536,2.35);
#551=CIRCLE('',#1538,6.5);
#552=CIRCLE('',#1539,6.5);
#553=CIRCLE('',#1542,6.5);
#554=CIRCLE('',#1543,6.5);
#555=CIRCLE('',#1546,0.999999999999999);
#556=CIRCLE('',#1547,0.999999999999996);
#557=CIRCLE('',#1549,0.999999999999992);
#558=CIRCLE('',#1550,9.);
#559=CIRCLE('',#1551,10.);
#560=CIRCLE('',#1553,1.);
#561=CIRCLE('',#1555,1.00000000000001);
#562=CIRCLE('',#1556,9.);
#563=CIRCLE('',#1557,9.99999999999999);
#564=CIRCLE('',#1559,0.999999999999996);
#565=CIRCLE('',#1561,1.00000000000001);
#566=CIRCLE('',#1562,9.);
#567=CIRCLE('',#1563,10.);
#568=CIRCLE('',#1565,1.);
#569=CIRCLE('',#1567,9.);
#570=CIRCLE('',#1568,10.);
#571=CIRCLE('',#1570,10.);
#572=CIRCLE('',#1572,10.);
#573=CIRCLE('',#1575,2.35);
#574=CIRCLE('',#1576,2.35);
#575=CIRCLE('',#1584,10.);
#576=CIRCLE('',#1587,10.);
#577=CIRCLE('',#1591,4.80000007450581);
#578=CIRCLE('',#1592,4.80000007450581);
#579=CIRCLE('',#1596,4.80000007450581);
#580=CIRCLE('',#1597,4.80000007450581);
#581=CIRCLE('',#1601,4.80000007450581);
#582=CIRCLE('',#1602,4.80000007450581);
#583=CIRCLE('',#1606,4.80000007450581);
#584=CIRCLE('',#1607,4.80000007450581);
#585=CIRCLE('',#1617,10.);
#586=CIRCLE('',#1620,10.);
#587=CIRCLE('',#1623,10.);
#588=CIRCLE('',#1626,9.99999999999998);
#589=VERTEX_POINT('',#2069);
#590=VERTEX_POINT('',#2070);
#591=VERTEX_POINT('',#2072);
#592=VERTEX_POINT('',#2074);
#593=VERTEX_POINT('',#2076);
#594=VERTEX_POINT('',#2078);
#595=VERTEX_POINT('',#2080);
#596=VERTEX_POINT('',#2082);
#597=VERTEX_POINT('',#2084);
#598=VERTEX_POINT('',#2086);
#599=VERTEX_POINT('',#2088);
#600=VERTEX_POINT('',#2090);
#601=VERTEX_POINT('',#2094);
#602=VERTEX_POINT('',#2095);
#603=VERTEX_POINT('',#2100);
#604=VERTEX_POINT('',#2104);
#605=VERTEX_POINT('',#2108);
#606=VERTEX_POINT('',#2112);
#607=VERTEX_POINT('',#2116);
#608=VERTEX_POINT('',#2120);
#609=VERTEX_POINT('',#2124);
#610=VERTEX_POINT('',#2128);
#611=VERTEX_POINT('',#2132);
#612=VERTEX_POINT('',#2136);
#613=VERTEX_POINT('',#2142);
#614=VERTEX_POINT('',#2143);
#615=VERTEX_POINT('',#2145);
#616=VERTEX_POINT('',#2147);
#617=VERTEX_POINT('',#2151);
#618=VERTEX_POINT('',#2153);
#619=VERTEX_POINT('',#2157);
#620=VERTEX_POINT('',#2161);
#621=VERTEX_POINT('',#2167);
#622=VERTEX_POINT('',#2168);
#623=VERTEX_POINT('',#2170);
#624=VERTEX_POINT('',#2172);
#625=VERTEX_POINT('',#2176);
#626=VERTEX_POINT('',#2178);
#627=VERTEX_POINT('',#2182);
#628=VERTEX_POINT('',#2184);
#629=VERTEX_POINT('',#2188);
#630=VERTEX_POINT('',#2190);
#631=VERTEX_POINT('',#2194);
#632=VERTEX_POINT('',#2196);
#633=VERTEX_POINT('',#2200);
#634=VERTEX_POINT('',#2202);
#635=VERTEX_POINT('',#2206);
#636=VERTEX_POINT('',#2208);
#637=VERTEX_POINT('',#2217);
#638=VERTEX_POINT('',#2219);
#639=VERTEX_POINT('',#2223);
#640=VERTEX_POINT('',#2226);
#641=VERTEX_POINT('',#2228);
#642=VERTEX_POINT('',#2232);
#643=VERTEX_POINT('',#2235);
#644=VERTEX_POINT('',#2236);
#645=VERTEX_POINT('',#2238);
#646=VERTEX_POINT('',#2240);
#647=VERTEX_POINT('',#2244);
#648=VERTEX_POINT('',#2246);
#649=VERTEX_POINT('',#2250);
#650=VERTEX_POINT('',#2252);
#651=VERTEX_POINT('',#2256);
#652=VERTEX_POINT('',#2258);
#653=VERTEX_POINT('',#2260);
#654=VERTEX_POINT('',#2262);
#655=VERTEX_POINT('',#2266);
#656=VERTEX_POINT('',#2267);
#657=VERTEX_POINT('',#2269);
#658=VERTEX_POINT('',#2271);
#659=VERTEX_POINT('',#2275);
#660=VERTEX_POINT('',#2280);
#661=VERTEX_POINT('',#2284);
#662=VERTEX_POINT('',#2285);
#663=VERTEX_POINT('',#2290);
#664=VERTEX_POINT('',#2291);
#665=VERTEX_POINT('',#2296);
#666=VERTEX_POINT('',#2297);
#667=VERTEX_POINT('',#2302);
#668=VERTEX_POINT('',#2303);
#669=VERTEX_POINT('',#2311);
#670=VERTEX_POINT('',#2315);
#671=VERTEX_POINT('',#2319);
#672=VERTEX_POINT('',#2323);
#673=VERTEX_POINT('',#2324);
#674=VERTEX_POINT('',#2326);
#675=VERTEX_POINT('',#2328);
#676=VERTEX_POINT('',#2331);
#677=VERTEX_POINT('',#2333);
#678=VERTEX_POINT('',#2336);
#679=VERTEX_POINT('',#2339);
#680=VERTEX_POINT('',#2343);
#681=VERTEX_POINT('',#2347);
#682=VERTEX_POINT('',#2357);
#683=VERTEX_POINT('',#2361);
#684=VERTEX_POINT('',#2365);
#685=VERTEX_POINT('',#2372);
#686=VERTEX_POINT('',#2373);
#687=VERTEX_POINT('',#2375);
#688=VERTEX_POINT('',#2377);
#689=VERTEX_POINT('',#2381);
#690=VERTEX_POINT('',#2383);
#691=VERTEX_POINT('',#2387);
#692=VERTEX_POINT('',#2389);
#693=VERTEX_POINT('',#2393);
#694=VERTEX_POINT('',#2395);
#695=VERTEX_POINT('',#2399);
#696=VERTEX_POINT('',#2401);
#697=VERTEX_POINT('',#2405);
#698=VERTEX_POINT('',#2407);
#699=VERTEX_POINT('',#2411);
#700=VERTEX_POINT('',#2413);
#701=VERTEX_POINT('',#2417);
#702=VERTEX_POINT('',#2419);
#703=VERTEX_POINT('',#2423);
#704=VERTEX_POINT('',#2425);
#705=VERTEX_POINT('',#2429);
#706=VERTEX_POINT('',#2431);
#707=VERTEX_POINT('',#2435);
#708=VERTEX_POINT('',#2437);
#709=VERTEX_POINT('',#2445);
#710=VERTEX_POINT('',#2446);
#711=VERTEX_POINT('',#2448);
#712=VERTEX_POINT('',#2450);
#713=VERTEX_POINT('',#2452);
#714=VERTEX_POINT('',#2454);
#715=VERTEX_POINT('',#2456);
#716=VERTEX_POINT('',#2458);
#717=VERTEX_POINT('',#2462);
#718=VERTEX_POINT('',#2464);
#719=VERTEX_POINT('',#2468);
#720=VERTEX_POINT('',#2472);
#721=VERTEX_POINT('',#2476);
#722=VERTEX_POINT('',#2480);
#723=VERTEX_POINT('',#2484);
#724=VERTEX_POINT('',#2488);
#725=EDGE_CURVE('',#589,#590,#529,.T.);
#726=EDGE_CURVE('',#591,#589,#241,.T.);
#727=EDGE_CURVE('',#592,#591,#242,.T.);
#728=EDGE_CURVE('',#593,#592,#530,.T.);
#729=EDGE_CURVE('',#594,#593,#243,.T.);
#730=EDGE_CURVE('',#595,#594,#244,.T.);
#731=EDGE_CURVE('',#596,#595,#531,.T.);
#732=EDGE_CURVE('',#597,#596,#245,.T.);
#733=EDGE_CURVE('',#598,#597,#246,.T.);
#734=EDGE_CURVE('',#599,#598,#532,.T.);
#735=EDGE_CURVE('',#600,#599,#247,.T.);
#736=EDGE_CURVE('',#590,#600,#248,.T.);
#737=EDGE_CURVE('',#601,#602,#249,.T.);
#738=EDGE_CURVE('',#601,#591,#250,.T.);
#739=EDGE_CURVE('',#602,#589,#251,.T.);
#740=EDGE_CURVE('',#603,#601,#252,.T.);
#741=EDGE_CURVE('',#603,#592,#253,.T.);
#742=EDGE_CURVE('',#604,#603,#533,.T.);
#743=EDGE_CURVE('',#604,#593,#254,.T.);
#744=EDGE_CURVE('',#605,#604,#255,.T.);
#745=EDGE_CURVE('',#605,#594,#256,.T.);
#746=EDGE_CURVE('',#606,#605,#257,.T.);
#747=EDGE_CURVE('',#606,#595,#258,.T.);
#748=EDGE_CURVE('',#607,#606,#534,.T.);
#749=EDGE_CURVE('',#607,#596,#259,.T.);
#750=EDGE_CURVE('',#608,#607,#260,.T.);
#751=EDGE_CURVE('',#608,#597,#261,.T.);
#752=EDGE_CURVE('',#609,#608,#262,.T.);
#753=EDGE_CURVE('',#609,#598,#263,.T.);
#754=EDGE_CURVE('',#610,#609,#535,.T.);
#755=EDGE_CURVE('',#610,#599,#264,.T.);
#756=EDGE_CURVE('',#611,#610,#265,.T.);
#757=EDGE_CURVE('',#611,#600,#266,.T.);
#758=EDGE_CURVE('',#612,#611,#267,.T.);
#759=EDGE_CURVE('',#612,#590,#268,.T.);
#760=EDGE_CURVE('',#602,#612,#536,.T.);
#761=EDGE_CURVE('',#613,#614,#269,.T.);
#762=EDGE_CURVE('',#615,#613,#270,.T.);
#763=EDGE_CURVE('',#616,#615,#271,.T.);
#764=EDGE_CURVE('',#614,#616,#272,.T.);
#765=EDGE_CURVE('',#615,#617,#273,.T.);
#766=EDGE_CURVE('',#618,#617,#274,.T.);
#767=EDGE_CURVE('',#616,#618,#275,.T.);
#768=EDGE_CURVE('',#613,#619,#276,.T.);
#769=EDGE_CURVE('',#617,#619,#277,.T.);
#770=EDGE_CURVE('',#614,#620,#278,.T.);
#771=EDGE_CURVE('',#619,#620,#279,.T.);
#772=EDGE_CURVE('',#620,#618,#280,.T.);
#773=EDGE_CURVE('',#621,#622,#281,.T.);
#774=EDGE_CURVE('',#621,#623,#282,.T.);
#775=EDGE_CURVE('',#624,#623,#283,.T.);
#776=EDGE_CURVE('',#622,#624,#284,.T.);
#777=EDGE_CURVE('',#625,#622,#537,.T.);
#778=EDGE_CURVE('',#626,#624,#538,.T.);
#779=EDGE_CURVE('',#625,#626,#285,.T.);
#780=EDGE_CURVE('',#625,#627,#286,.T.);
#781=EDGE_CURVE('',#628,#626,#287,.T.);
#782=EDGE_CURVE('',#627,#628,#288,.T.);
#783=EDGE_CURVE('',#629,#627,#539,.T.);
#784=EDGE_CURVE('',#630,#628,#540,.T.);
#785=EDGE_CURVE('',#629,#630,#289,.T.);
#786=EDGE_CURVE('',#629,#631,#290,.T.);
#787=EDGE_CURVE('',#632,#630,#291,.T.);
#788=EDGE_CURVE('',#631,#632,#292,.T.);
#789=EDGE_CURVE('',#633,#631,#541,.T.);
#790=EDGE_CURVE('',#634,#632,#542,.T.);
#791=EDGE_CURVE('',#633,#634,#293,.T.);
#792=EDGE_CURVE('',#633,#635,#294,.T.);
#793=EDGE_CURVE('',#636,#634,#295,.T.);
#794=EDGE_CURVE('',#635,#636,#296,.T.);
#795=EDGE_CURVE('',#621,#635,#543,.T.);
#796=EDGE_CURVE('',#623,#636,#544,.T.);
#797=EDGE_CURVE('',#637,#637,#545,.T.);
#798=EDGE_CURVE('',#637,#638,#297,.T.);
#799=EDGE_CURVE('',#638,#638,#546,.T.);
#800=EDGE_CURVE('',#639,#639,#547,.T.);
#801=EDGE_CURVE('',#640,#640,#548,.T.);
#802=EDGE_CURVE('',#640,#641,#298,.T.);
#803=EDGE_CURVE('',#641,#641,#549,.T.);
#804=EDGE_CURVE('',#642,#642,#550,.T.);
#805=EDGE_CURVE('',#643,#644,#551,.T.);
#806=EDGE_CURVE('',#644,#645,#299,.T.);
#807=EDGE_CURVE('',#645,#646,#552,.T.);
#808=EDGE_CURVE('',#643,#646,#300,.T.);
#809=EDGE_CURVE('',#644,#647,#301,.T.);
#810=EDGE_CURVE('',#648,#647,#302,.T.);
#811=EDGE_CURVE('',#648,#645,#303,.T.);
#812=EDGE_CURVE('',#649,#648,#553,.T.);
#813=EDGE_CURVE('',#647,#650,#554,.T.);
#814=EDGE_CURVE('',#649,#650,#304,.T.);
#815=EDGE_CURVE('',#643,#651,#305,.T.);
#816=EDGE_CURVE('',#651,#652,#306,.T.);
#817=EDGE_CURVE('',#653,#652,#307,.T.);
#818=EDGE_CURVE('',#654,#653,#308,.T.);
#819=EDGE_CURVE('',#654,#650,#309,.T.);
#820=EDGE_CURVE('',#655,#656,#555,.T.);
#821=EDGE_CURVE('',#656,#657,#310,.T.);
#822=EDGE_CURVE('',#657,#658,#556,.T.);
#823=EDGE_CURVE('',#658,#655,#311,.T.);
#824=EDGE_CURVE('',#653,#659,#557,.T.);
#825=EDGE_CURVE('',#659,#658,#558,.T.);
#826=EDGE_CURVE('',#657,#653,#559,.T.);
#827=EDGE_CURVE('',#652,#660,#560,.T.);
#828=EDGE_CURVE('',#660,#659,#312,.T.);
#829=EDGE_CURVE('',#661,#662,#561,.T.);
#830=EDGE_CURVE('',#662,#660,#562,.T.);
#831=EDGE_CURVE('',#652,#661,#563,.T.);
#832=EDGE_CURVE('',#663,#664,#564,.T.);
#833=EDGE_CURVE('',#664,#662,#313,.T.);
#834=EDGE_CURVE('',#661,#663,#314,.T.);
#835=EDGE_CURVE('',#665,#666,#565,.T.);
#836=EDGE_CURVE('',#666,#664,#566,.T.);
#837=EDGE_CURVE('',#663,#665,#567,.T.);
#838=EDGE_CURVE('',#667,#668,#568,.T.);
#839=EDGE_CURVE('',#668,#666,#315,.T.);
#840=EDGE_CURVE('',#665,#667,#316,.T.);
#841=EDGE_CURVE('',#655,#668,#569,.T.);
#842=EDGE_CURVE('',#667,#656,#570,.T.);
#843=EDGE_CURVE('',#651,#669,#571,.T.);
#844=EDGE_CURVE('',#669,#661,#317,.T.);
#845=EDGE_CURVE('',#670,#657,#318,.T.);
#846=EDGE_CURVE('',#670,#654,#572,.T.);
#847=EDGE_CURVE('',#671,#656,#319,.T.);
#848=EDGE_CURVE('',#671,#670,#320,.T.);
#849=EDGE_CURVE('',#672,#673,#321,.T.);
#850=EDGE_CURVE('',#673,#674,#322,.T.);
#851=EDGE_CURVE('',#674,#675,#323,.T.);
#852=EDGE_CURVE('',#675,#672,#324,.T.);
#853=EDGE_CURVE('',#676,#676,#573,.T.);
#854=EDGE_CURVE('',#677,#677,#574,.T.);
#855=EDGE_CURVE('',#649,#678,#325,.T.);
#856=EDGE_CURVE('',#678,#672,#326,.T.);
#857=EDGE_CURVE('',#679,#675,#327,.T.);
#858=EDGE_CURVE('',#679,#646,#328,.T.);
#859=EDGE_CURVE('',#680,#679,#329,.T.);
#860=EDGE_CURVE('',#680,#674,#330,.T.);
#861=EDGE_CURVE('',#681,#680,#331,.T.);
#862=EDGE_CURVE('',#681,#673,#332,.T.);
#863=EDGE_CURVE('',#678,#681,#333,.T.);
#864=EDGE_CURVE('',#676,#642,#334,.T.);
#865=EDGE_CURVE('',#677,#639,#335,.T.);
#866=EDGE_CURVE('',#682,#667,#336,.T.);
#867=EDGE_CURVE('',#682,#671,#575,.T.);
#868=EDGE_CURVE('',#683,#665,#337,.T.);
#869=EDGE_CURVE('',#683,#682,#338,.T.);
#870=EDGE_CURVE('',#684,#663,#339,.T.);
#871=EDGE_CURVE('',#684,#683,#576,.T.);
#872=EDGE_CURVE('',#669,#684,#340,.T.);
#873=EDGE_CURVE('',#685,#686,#577,.T.);
#874=EDGE_CURVE('',#687,#685,#341,.T.);
#875=EDGE_CURVE('',#687,#688,#578,.T.);
#876=EDGE_CURVE('',#688,#686,#342,.T.);
#877=EDGE_CURVE('',#689,#685,#343,.T.);
#878=EDGE_CURVE('',#690,#689,#344,.T.);
#879=EDGE_CURVE('',#690,#687,#345,.T.);
#880=EDGE_CURVE('',#691,#689,#346,.T.);
#881=EDGE_CURVE('',#692,#691,#347,.T.);
#882=EDGE_CURVE('',#692,#690,#348,.T.);
#883=EDGE_CURVE('',#693,#691,#579,.T.);
#884=EDGE_CURVE('',#694,#693,#349,.T.);
#885=EDGE_CURVE('',#694,#692,#580,.T.);
#886=EDGE_CURVE('',#695,#693,#350,.T.);
#887=EDGE_CURVE('',#696,#695,#351,.T.);
#888=EDGE_CURVE('',#696,#694,#352,.T.);
#889=EDGE_CURVE('',#697,#695,#353,.T.);
#890=EDGE_CURVE('',#698,#697,#354,.T.);
#891=EDGE_CURVE('',#698,#696,#355,.T.);
#892=EDGE_CURVE('',#699,#697,#581,.T.);
#893=EDGE_CURVE('',#700,#699,#356,.T.);
#894=EDGE_CURVE('',#700,#698,#582,.T.);
#895=EDGE_CURVE('',#701,#699,#357,.T.);
#896=EDGE_CURVE('',#702,#701,#358,.T.);
#897=EDGE_CURVE('',#702,#700,#359,.T.);
#898=EDGE_CURVE('',#703,#701,#360,.T.);
#899=EDGE_CURVE('',#704,#703,#361,.T.);
#900=EDGE_CURVE('',#704,#702,#362,.T.);
#901=EDGE_CURVE('',#705,#703,#583,.T.);
#902=EDGE_CURVE('',#706,#705,#363,.T.);
#903=EDGE_CURVE('',#706,#704,#584,.T.);
#904=EDGE_CURVE('',#707,#705,#364,.T.);
#905=EDGE_CURVE('',#708,#707,#365,.T.);
#906=EDGE_CURVE('',#708,#706,#366,.T.);
#907=EDGE_CURVE('',#686,#707,#367,.T.);
#908=EDGE_CURVE('',#688,#708,#368,.T.);
#909=EDGE_CURVE('',#709,#710,#13,.T.);
#910=EDGE_CURVE('',#711,#709,#369,.T.);
#911=EDGE_CURVE('',#712,#711,#14,.T.);
#912=EDGE_CURVE('',#713,#712,#370,.T.);
#913=EDGE_CURVE('',#714,#713,#15,.T.);
#914=EDGE_CURVE('',#715,#714,#371,.T.);
#915=EDGE_CURVE('',#716,#715,#16,.T.);
#916=EDGE_CURVE('',#716,#710,#372,.T.);
#917=EDGE_CURVE('',#717,#715,#373,.T.);
#918=EDGE_CURVE('',#717,#718,#585,.T.);
#919=EDGE_CURVE('',#718,#716,#374,.T.);
#920=EDGE_CURVE('',#719,#714,#375,.T.);
#921=EDGE_CURVE('',#719,#717,#376,.T.);
#922=EDGE_CURVE('',#720,#713,#377,.T.);
#923=EDGE_CURVE('',#720,#719,#586,.T.);
#924=EDGE_CURVE('',#721,#712,#378,.T.);
#925=EDGE_CURVE('',#721,#720,#379,.T.);
#926=EDGE_CURVE('',#722,#711,#380,.T.);
#927=EDGE_CURVE('',#722,#721,#587,.T.);
#928=EDGE_CURVE('',#723,#709,#381,.T.);
#929=EDGE_CURVE('',#723,#722,#382,.T.);
#930=EDGE_CURVE('',#724,#710,#383,.T.);
#931=EDGE_CURVE('',#724,#723,#588,.T.);
#932=EDGE_CURVE('',#718,#724,#384,.T.);
#933=ORIENTED_EDGE('',*,*,#725,.F.);
#934=ORIENTED_EDGE('',*,*,#726,.F.);
#935=ORIENTED_EDGE('',*,*,#727,.F.);
#936=ORIENTED_EDGE('',*,*,#728,.F.);
#937=ORIENTED_EDGE('',*,*,#729,.F.);
#938=ORIENTED_EDGE('',*,*,#730,.F.);
#939=ORIENTED_EDGE('',*,*,#731,.F.);
#940=ORIENTED_EDGE('',*,*,#732,.F.);
#941=ORIENTED_EDGE('',*,*,#733,.F.);
#942=ORIENTED_EDGE('',*,*,#734,.F.);
#943=ORIENTED_EDGE('',*,*,#735,.F.);
#944=ORIENTED_EDGE('',*,*,#736,.F.);
#945=ORIENTED_EDGE('',*,*,#737,.F.);
#946=ORIENTED_EDGE('',*,*,#738,.T.);
#947=ORIENTED_EDGE('',*,*,#726,.T.);
#948=ORIENTED_EDGE('',*,*,#739,.F.);
#949=ORIENTED_EDGE('',*,*,#740,.F.);
#950=ORIENTED_EDGE('',*,*,#741,.T.);
#951=ORIENTED_EDGE('',*,*,#727,.T.);
#952=ORIENTED_EDGE('',*,*,#738,.F.);
#953=ORIENTED_EDGE('',*,*,#742,.F.);
#954=ORIENTED_EDGE('',*,*,#743,.T.);
#955=ORIENTED_EDGE('',*,*,#728,.T.);
#956=ORIENTED_EDGE('',*,*,#741,.F.);
#957=ORIENTED_EDGE('',*,*,#744,.F.);
#958=ORIENTED_EDGE('',*,*,#745,.T.);
#959=ORIENTED_EDGE('',*,*,#729,.T.);
#960=ORIENTED_EDGE('',*,*,#743,.F.);
#961=ORIENTED_EDGE('',*,*,#746,.F.);
#962=ORIENTED_EDGE('',*,*,#747,.T.);
#963=ORIENTED_EDGE('',*,*,#730,.T.);
#964=ORIENTED_EDGE('',*,*,#745,.F.);
#965=ORIENTED_EDGE('',*,*,#748,.F.);
#966=ORIENTED_EDGE('',*,*,#749,.T.);
#967=ORIENTED_EDGE('',*,*,#731,.T.);
#968=ORIENTED_EDGE('',*,*,#747,.F.);
#969=ORIENTED_EDGE('',*,*,#750,.F.);
#970=ORIENTED_EDGE('',*,*,#751,.T.);
#971=ORIENTED_EDGE('',*,*,#732,.T.);
#972=ORIENTED_EDGE('',*,*,#749,.F.);
#973=ORIENTED_EDGE('',*,*,#752,.F.);
#974=ORIENTED_EDGE('',*,*,#753,.T.);
#975=ORIENTED_EDGE('',*,*,#733,.T.);
#976=ORIENTED_EDGE('',*,*,#751,.F.);
#977=ORIENTED_EDGE('',*,*,#754,.F.);
#978=ORIENTED_EDGE('',*,*,#755,.T.);
#979=ORIENTED_EDGE('',*,*,#734,.T.);
#980=ORIENTED_EDGE('',*,*,#753,.F.);
#981=ORIENTED_EDGE('',*,*,#756,.F.);
#982=ORIENTED_EDGE('',*,*,#757,.T.);
#983=ORIENTED_EDGE('',*,*,#735,.T.);
#984=ORIENTED_EDGE('',*,*,#755,.F.);
#985=ORIENTED_EDGE('',*,*,#758,.F.);
#986=ORIENTED_EDGE('',*,*,#759,.T.);
#987=ORIENTED_EDGE('',*,*,#736,.T.);
#988=ORIENTED_EDGE('',*,*,#757,.F.);
#989=ORIENTED_EDGE('',*,*,#760,.F.);
#990=ORIENTED_EDGE('',*,*,#739,.T.);
#991=ORIENTED_EDGE('',*,*,#725,.T.);
#992=ORIENTED_EDGE('',*,*,#759,.F.);
#993=ORIENTED_EDGE('',*,*,#761,.F.);
#994=ORIENTED_EDGE('',*,*,#762,.F.);
#995=ORIENTED_EDGE('',*,*,#763,.F.);
#996=ORIENTED_EDGE('',*,*,#764,.F.);
#997=ORIENTED_EDGE('',*,*,#763,.T.);
#998=ORIENTED_EDGE('',*,*,#765,.T.);
#999=ORIENTED_EDGE('',*,*,#766,.F.);
#1000=ORIENTED_EDGE('',*,*,#767,.F.);
#1001=ORIENTED_EDGE('',*,*,#762,.T.);
#1002=ORIENTED_EDGE('',*,*,#768,.T.);
#1003=ORIENTED_EDGE('',*,*,#769,.F.);
#1004=ORIENTED_EDGE('',*,*,#765,.F.);
#1005=ORIENTED_EDGE('',*,*,#761,.T.);
#1006=ORIENTED_EDGE('',*,*,#770,.T.);
#1007=ORIENTED_EDGE('',*,*,#771,.F.);
#1008=ORIENTED_EDGE('',*,*,#768,.F.);
#1009=ORIENTED_EDGE('',*,*,#764,.T.);
#1010=ORIENTED_EDGE('',*,*,#767,.T.);
#1011=ORIENTED_EDGE('',*,*,#772,.F.);
#1012=ORIENTED_EDGE('',*,*,#770,.F.);
#1013=ORIENTED_EDGE('',*,*,#773,.F.);
#1014=ORIENTED_EDGE('',*,*,#774,.T.);
#1015=ORIENTED_EDGE('',*,*,#775,.F.);
#1016=ORIENTED_EDGE('',*,*,#776,.F.);
#1017=ORIENTED_EDGE('',*,*,#777,.T.);
#1018=ORIENTED_EDGE('',*,*,#776,.T.);
#1019=ORIENTED_EDGE('',*,*,#778,.F.);
#1020=ORIENTED_EDGE('',*,*,#779,.F.);
#1021=ORIENTED_EDGE('',*,*,#780,.F.);
#1022=ORIENTED_EDGE('',*,*,#779,.T.);
#1023=ORIENTED_EDGE('',*,*,#781,.F.);
#1024=ORIENTED_EDGE('',*,*,#782,.F.);
#1025=ORIENTED_EDGE('',*,*,#783,.T.);
#1026=ORIENTED_EDGE('',*,*,#782,.T.);
#1027=ORIENTED_EDGE('',*,*,#784,.F.);
#1028=ORIENTED_EDGE('',*,*,#785,.F.);
#1029=ORIENTED_EDGE('',*,*,#786,.F.);
#1030=ORIENTED_EDGE('',*,*,#785,.T.);
#1031=ORIENTED_EDGE('',*,*,#787,.F.);
#1032=ORIENTED_EDGE('',*,*,#788,.F.);
#1033=ORIENTED_EDGE('',*,*,#789,.T.);
#1034=ORIENTED_EDGE('',*,*,#788,.T.);
#1035=ORIENTED_EDGE('',*,*,#790,.F.);
#1036=ORIENTED_EDGE('',*,*,#791,.F.);
#1037=ORIENTED_EDGE('',*,*,#792,.F.);
#1038=ORIENTED_EDGE('',*,*,#791,.T.);
#1039=ORIENTED_EDGE('',*,*,#793,.F.);
#1040=ORIENTED_EDGE('',*,*,#794,.F.);
#1041=ORIENTED_EDGE('',*,*,#795,.T.);
#1042=ORIENTED_EDGE('',*,*,#794,.T.);
#1043=ORIENTED_EDGE('',*,*,#796,.F.);
#1044=ORIENTED_EDGE('',*,*,#774,.F.);
#1045=ORIENTED_EDGE('',*,*,#796,.T.);
#1046=ORIENTED_EDGE('',*,*,#793,.T.);
#1047=ORIENTED_EDGE('',*,*,#790,.T.);
#1048=ORIENTED_EDGE('',*,*,#787,.T.);
#1049=ORIENTED_EDGE('',*,*,#784,.T.);
#1050=ORIENTED_EDGE('',*,*,#781,.T.);
#1051=ORIENTED_EDGE('',*,*,#778,.T.);
#1052=ORIENTED_EDGE('',*,*,#775,.T.);
#1053=ORIENTED_EDGE('',*,*,#772,.T.);
#1054=ORIENTED_EDGE('',*,*,#766,.T.);
#1055=ORIENTED_EDGE('',*,*,#769,.T.);
#1056=ORIENTED_EDGE('',*,*,#771,.T.);
#1057=ORIENTED_EDGE('',*,*,#795,.F.);
#1058=ORIENTED_EDGE('',*,*,#773,.T.);
#1059=ORIENTED_EDGE('',*,*,#777,.F.);
#1060=ORIENTED_EDGE('',*,*,#780,.T.);
#1061=ORIENTED_EDGE('',*,*,#783,.F.);
#1062=ORIENTED_EDGE('',*,*,#786,.T.);
#1063=ORIENTED_EDGE('',*,*,#789,.F.);
#1064=ORIENTED_EDGE('',*,*,#792,.T.);
#1065=ORIENTED_EDGE('',*,*,#737,.T.);
#1066=ORIENTED_EDGE('',*,*,#760,.T.);
#1067=ORIENTED_EDGE('',*,*,#758,.T.);
#1068=ORIENTED_EDGE('',*,*,#756,.T.);
#1069=ORIENTED_EDGE('',*,*,#754,.T.);
#1070=ORIENTED_EDGE('',*,*,#752,.T.);
#1071=ORIENTED_EDGE('',*,*,#750,.T.);
#1072=ORIENTED_EDGE('',*,*,#748,.T.);
#1073=ORIENTED_EDGE('',*,*,#746,.T.);
#1074=ORIENTED_EDGE('',*,*,#744,.T.);
#1075=ORIENTED_EDGE('',*,*,#742,.T.);
#1076=ORIENTED_EDGE('',*,*,#740,.T.);
#1077=ORIENTED_EDGE('',*,*,#797,.F.);
#1078=ORIENTED_EDGE('',*,*,#798,.T.);
#1079=ORIENTED_EDGE('',*,*,#799,.T.);
#1080=ORIENTED_EDGE('',*,*,#798,.F.);
#1081=ORIENTED_EDGE('',*,*,#800,.F.);
#1082=ORIENTED_EDGE('',*,*,#797,.T.);
#1083=ORIENTED_EDGE('',*,*,#801,.F.);
#1084=ORIENTED_EDGE('',*,*,#802,.T.);
#1085=ORIENTED_EDGE('',*,*,#803,.T.);
#1086=ORIENTED_EDGE('',*,*,#802,.F.);
#1087=ORIENTED_EDGE('',*,*,#804,.F.);
#1088=ORIENTED_EDGE('',*,*,#801,.T.);
#1089=ORIENTED_EDGE('',*,*,#805,.T.);
#1090=ORIENTED_EDGE('',*,*,#806,.T.);
#1091=ORIENTED_EDGE('',*,*,#807,.T.);
#1092=ORIENTED_EDGE('',*,*,#808,.F.);
#1093=ORIENTED_EDGE('',*,*,#806,.F.);
#1094=ORIENTED_EDGE('',*,*,#809,.T.);
#1095=ORIENTED_EDGE('',*,*,#810,.F.);
#1096=ORIENTED_EDGE('',*,*,#811,.T.);
#1097=ORIENTED_EDGE('',*,*,#812,.T.);
#1098=ORIENTED_EDGE('',*,*,#810,.T.);
#1099=ORIENTED_EDGE('',*,*,#813,.T.);
#1100=ORIENTED_EDGE('',*,*,#814,.F.);
#1101=ORIENTED_EDGE('',*,*,#815,.T.);
#1102=ORIENTED_EDGE('',*,*,#816,.T.);
#1103=ORIENTED_EDGE('',*,*,#817,.F.);
#1104=ORIENTED_EDGE('',*,*,#818,.F.);
#1105=ORIENTED_EDGE('',*,*,#819,.T.);
#1106=ORIENTED_EDGE('',*,*,#813,.F.);
#1107=ORIENTED_EDGE('',*,*,#809,.F.);
#1108=ORIENTED_EDGE('',*,*,#805,.F.);
#1109=ORIENTED_EDGE('',*,*,#820,.T.);
#1110=ORIENTED_EDGE('',*,*,#821,.T.);
#1111=ORIENTED_EDGE('',*,*,#822,.T.);
#1112=ORIENTED_EDGE('',*,*,#823,.T.);
#1113=ORIENTED_EDGE('',*,*,#824,.T.);
#1114=ORIENTED_EDGE('',*,*,#825,.T.);
#1115=ORIENTED_EDGE('',*,*,#822,.F.);
#1116=ORIENTED_EDGE('',*,*,#826,.T.);
#1117=ORIENTED_EDGE('',*,*,#827,.T.);
#1118=ORIENTED_EDGE('',*,*,#828,.T.);
#1119=ORIENTED_EDGE('',*,*,#824,.F.);
#1120=ORIENTED_EDGE('',*,*,#817,.T.);
#1121=ORIENTED_EDGE('',*,*,#829,.T.);
#1122=ORIENTED_EDGE('',*,*,#830,.T.);
#1123=ORIENTED_EDGE('',*,*,#827,.F.);
#1124=ORIENTED_EDGE('',*,*,#831,.T.);
#1125=ORIENTED_EDGE('',*,*,#832,.T.);
#1126=ORIENTED_EDGE('',*,*,#833,.T.);
#1127=ORIENTED_EDGE('',*,*,#829,.F.);
#1128=ORIENTED_EDGE('',*,*,#834,.T.);
#1129=ORIENTED_EDGE('',*,*,#835,.T.);
#1130=ORIENTED_EDGE('',*,*,#836,.T.);
#1131=ORIENTED_EDGE('',*,*,#832,.F.);
#1132=ORIENTED_EDGE('',*,*,#837,.T.);
#1133=ORIENTED_EDGE('',*,*,#838,.T.);
#1134=ORIENTED_EDGE('',*,*,#839,.T.);
#1135=ORIENTED_EDGE('',*,*,#835,.F.);
#1136=ORIENTED_EDGE('',*,*,#840,.T.);
#1137=ORIENTED_EDGE('',*,*,#820,.F.);
#1138=ORIENTED_EDGE('',*,*,#841,.T.);
#1139=ORIENTED_EDGE('',*,*,#838,.F.);
#1140=ORIENTED_EDGE('',*,*,#842,.T.);
#1141=ORIENTED_EDGE('',*,*,#831,.F.);
#1142=ORIENTED_EDGE('',*,*,#816,.F.);
#1143=ORIENTED_EDGE('',*,*,#843,.T.);
#1144=ORIENTED_EDGE('',*,*,#844,.T.);
#1145=ORIENTED_EDGE('',*,*,#826,.F.);
#1146=ORIENTED_EDGE('',*,*,#845,.F.);
#1147=ORIENTED_EDGE('',*,*,#846,.T.);
#1148=ORIENTED_EDGE('',*,*,#818,.T.);
#1149=ORIENTED_EDGE('',*,*,#821,.F.);
#1150=ORIENTED_EDGE('',*,*,#847,.F.);
#1151=ORIENTED_EDGE('',*,*,#848,.T.);
#1152=ORIENTED_EDGE('',*,*,#845,.T.);
#1153=ORIENTED_EDGE('',*,*,#823,.F.);
#1154=ORIENTED_EDGE('',*,*,#825,.F.);
#1155=ORIENTED_EDGE('',*,*,#828,.F.);
#1156=ORIENTED_EDGE('',*,*,#830,.F.);
#1157=ORIENTED_EDGE('',*,*,#833,.F.);
#1158=ORIENTED_EDGE('',*,*,#836,.F.);
#1159=ORIENTED_EDGE('',*,*,#839,.F.);
#1160=ORIENTED_EDGE('',*,*,#841,.F.);
#1161=ORIENTED_EDGE('',*,*,#849,.T.);
#1162=ORIENTED_EDGE('',*,*,#850,.T.);
#1163=ORIENTED_EDGE('',*,*,#851,.T.);
#1164=ORIENTED_EDGE('',*,*,#852,.T.);
#1165=ORIENTED_EDGE('',*,*,#853,.T.);
#1166=ORIENTED_EDGE('',*,*,#854,.T.);
#1167=ORIENTED_EDGE('',*,*,#855,.T.);
#1168=ORIENTED_EDGE('',*,*,#856,.T.);
#1169=ORIENTED_EDGE('',*,*,#852,.F.);
#1170=ORIENTED_EDGE('',*,*,#857,.F.);
#1171=ORIENTED_EDGE('',*,*,#858,.T.);
#1172=ORIENTED_EDGE('',*,*,#807,.F.);
#1173=ORIENTED_EDGE('',*,*,#811,.F.);
#1174=ORIENTED_EDGE('',*,*,#812,.F.);
#1175=ORIENTED_EDGE('',*,*,#859,.T.);
#1176=ORIENTED_EDGE('',*,*,#857,.T.);
#1177=ORIENTED_EDGE('',*,*,#851,.F.);
#1178=ORIENTED_EDGE('',*,*,#860,.F.);
#1179=ORIENTED_EDGE('',*,*,#861,.T.);
#1180=ORIENTED_EDGE('',*,*,#860,.T.);
#1181=ORIENTED_EDGE('',*,*,#850,.F.);
#1182=ORIENTED_EDGE('',*,*,#862,.F.);
#1183=ORIENTED_EDGE('',*,*,#863,.T.);
#1184=ORIENTED_EDGE('',*,*,#862,.T.);
#1185=ORIENTED_EDGE('',*,*,#849,.F.);
#1186=ORIENTED_EDGE('',*,*,#856,.F.);
#1187=ORIENTED_EDGE('',*,*,#853,.F.);
#1188=ORIENTED_EDGE('',*,*,#864,.T.);
#1189=ORIENTED_EDGE('',*,*,#804,.T.);
#1190=ORIENTED_EDGE('',*,*,#864,.F.);
#1191=ORIENTED_EDGE('',*,*,#854,.F.);
#1192=ORIENTED_EDGE('',*,*,#865,.T.);
#1193=ORIENTED_EDGE('',*,*,#800,.T.);
#1194=ORIENTED_EDGE('',*,*,#865,.F.);
#1195=ORIENTED_EDGE('',*,*,#842,.F.);
#1196=ORIENTED_EDGE('',*,*,#866,.F.);
#1197=ORIENTED_EDGE('',*,*,#867,.T.);
#1198=ORIENTED_EDGE('',*,*,#847,.T.);
#1199=ORIENTED_EDGE('',*,*,#840,.F.);
#1200=ORIENTED_EDGE('',*,*,#868,.F.);
#1201=ORIENTED_EDGE('',*,*,#869,.T.);
#1202=ORIENTED_EDGE('',*,*,#866,.T.);
#1203=ORIENTED_EDGE('',*,*,#837,.F.);
#1204=ORIENTED_EDGE('',*,*,#870,.F.);
#1205=ORIENTED_EDGE('',*,*,#871,.T.);
#1206=ORIENTED_EDGE('',*,*,#868,.T.);
#1207=ORIENTED_EDGE('',*,*,#834,.F.);
#1208=ORIENTED_EDGE('',*,*,#844,.F.);
#1209=ORIENTED_EDGE('',*,*,#872,.T.);
#1210=ORIENTED_EDGE('',*,*,#870,.T.);
#1211=ORIENTED_EDGE('',*,*,#814,.T.);
#1212=ORIENTED_EDGE('',*,*,#819,.F.);
#1213=ORIENTED_EDGE('',*,*,#846,.F.);
#1214=ORIENTED_EDGE('',*,*,#848,.F.);
#1215=ORIENTED_EDGE('',*,*,#867,.F.);
#1216=ORIENTED_EDGE('',*,*,#869,.F.);
#1217=ORIENTED_EDGE('',*,*,#871,.F.);
#1218=ORIENTED_EDGE('',*,*,#872,.F.);
#1219=ORIENTED_EDGE('',*,*,#843,.F.);
#1220=ORIENTED_EDGE('',*,*,#815,.F.);
#1221=ORIENTED_EDGE('',*,*,#808,.T.);
#1222=ORIENTED_EDGE('',*,*,#858,.F.);
#1223=ORIENTED_EDGE('',*,*,#859,.F.);
#1224=ORIENTED_EDGE('',*,*,#861,.F.);
#1225=ORIENTED_EDGE('',*,*,#863,.F.);
#1226=ORIENTED_EDGE('',*,*,#855,.F.);
#1227=ORIENTED_EDGE('',*,*,#799,.F.);
#1228=ORIENTED_EDGE('',*,*,#803,.F.);
#1229=ORIENTED_EDGE('',*,*,#873,.F.);
#1230=ORIENTED_EDGE('',*,*,#874,.F.);
#1231=ORIENTED_EDGE('',*,*,#875,.T.);
#1232=ORIENTED_EDGE('',*,*,#876,.T.);
#1233=ORIENTED_EDGE('',*,*,#877,.F.);
#1234=ORIENTED_EDGE('',*,*,#878,.F.);
#1235=ORIENTED_EDGE('',*,*,#879,.T.);
#1236=ORIENTED_EDGE('',*,*,#874,.T.);
#1237=ORIENTED_EDGE('',*,*,#880,.F.);
#1238=ORIENTED_EDGE('',*,*,#881,.F.);
#1239=ORIENTED_EDGE('',*,*,#882,.T.);
#1240=ORIENTED_EDGE('',*,*,#878,.T.);
#1241=ORIENTED_EDGE('',*,*,#883,.F.);
#1242=ORIENTED_EDGE('',*,*,#884,.F.);
#1243=ORIENTED_EDGE('',*,*,#885,.T.);
#1244=ORIENTED_EDGE('',*,*,#881,.T.);
#1245=ORIENTED_EDGE('',*,*,#886,.F.);
#1246=ORIENTED_EDGE('',*,*,#887,.F.);
#1247=ORIENTED_EDGE('',*,*,#888,.T.);
#1248=ORIENTED_EDGE('',*,*,#884,.T.);
#1249=ORIENTED_EDGE('',*,*,#889,.F.);
#1250=ORIENTED_EDGE('',*,*,#890,.F.);
#1251=ORIENTED_EDGE('',*,*,#891,.T.);
#1252=ORIENTED_EDGE('',*,*,#887,.T.);
#1253=ORIENTED_EDGE('',*,*,#892,.F.);
#1254=ORIENTED_EDGE('',*,*,#893,.F.);
#1255=ORIENTED_EDGE('',*,*,#894,.T.);
#1256=ORIENTED_EDGE('',*,*,#890,.T.);
#1257=ORIENTED_EDGE('',*,*,#895,.F.);
#1258=ORIENTED_EDGE('',*,*,#896,.F.);
#1259=ORIENTED_EDGE('',*,*,#897,.T.);
#1260=ORIENTED_EDGE('',*,*,#893,.T.);
#1261=ORIENTED_EDGE('',*,*,#898,.F.);
#1262=ORIENTED_EDGE('',*,*,#899,.F.);
#1263=ORIENTED_EDGE('',*,*,#900,.T.);
#1264=ORIENTED_EDGE('',*,*,#896,.T.);
#1265=ORIENTED_EDGE('',*,*,#901,.F.);
#1266=ORIENTED_EDGE('',*,*,#902,.F.);
#1267=ORIENTED_EDGE('',*,*,#903,.T.);
#1268=ORIENTED_EDGE('',*,*,#899,.T.);
#1269=ORIENTED_EDGE('',*,*,#904,.F.);
#1270=ORIENTED_EDGE('',*,*,#905,.F.);
#1271=ORIENTED_EDGE('',*,*,#906,.T.);
#1272=ORIENTED_EDGE('',*,*,#902,.T.);
#1273=ORIENTED_EDGE('',*,*,#907,.F.);
#1274=ORIENTED_EDGE('',*,*,#876,.F.);
#1275=ORIENTED_EDGE('',*,*,#908,.T.);
#1276=ORIENTED_EDGE('',*,*,#905,.T.);
#1277=ORIENTED_EDGE('',*,*,#888,.F.);
#1278=ORIENTED_EDGE('',*,*,#891,.F.);
#1279=ORIENTED_EDGE('',*,*,#894,.F.);
#1280=ORIENTED_EDGE('',*,*,#897,.F.);
#1281=ORIENTED_EDGE('',*,*,#900,.F.);
#1282=ORIENTED_EDGE('',*,*,#903,.F.);
#1283=ORIENTED_EDGE('',*,*,#906,.F.);
#1284=ORIENTED_EDGE('',*,*,#908,.F.);
#1285=ORIENTED_EDGE('',*,*,#875,.F.);
#1286=ORIENTED_EDGE('',*,*,#879,.F.);
#1287=ORIENTED_EDGE('',*,*,#882,.F.);
#1288=ORIENTED_EDGE('',*,*,#885,.F.);
#1289=ORIENTED_EDGE('',*,*,#909,.F.);
#1290=ORIENTED_EDGE('',*,*,#910,.F.);
#1291=ORIENTED_EDGE('',*,*,#911,.F.);
#1292=ORIENTED_EDGE('',*,*,#912,.F.);
#1293=ORIENTED_EDGE('',*,*,#913,.F.);
#1294=ORIENTED_EDGE('',*,*,#914,.F.);
#1295=ORIENTED_EDGE('',*,*,#915,.F.);
#1296=ORIENTED_EDGE('',*,*,#916,.T.);
#1297=ORIENTED_EDGE('',*,*,#915,.T.);
#1298=ORIENTED_EDGE('',*,*,#917,.F.);
#1299=ORIENTED_EDGE('',*,*,#918,.T.);
#1300=ORIENTED_EDGE('',*,*,#919,.T.);
#1301=ORIENTED_EDGE('',*,*,#914,.T.);
#1302=ORIENTED_EDGE('',*,*,#920,.F.);
#1303=ORIENTED_EDGE('',*,*,#921,.T.);
#1304=ORIENTED_EDGE('',*,*,#917,.T.);
#1305=ORIENTED_EDGE('',*,*,#913,.T.);
#1306=ORIENTED_EDGE('',*,*,#922,.F.);
#1307=ORIENTED_EDGE('',*,*,#923,.T.);
#1308=ORIENTED_EDGE('',*,*,#920,.T.);
#1309=ORIENTED_EDGE('',*,*,#912,.T.);
#1310=ORIENTED_EDGE('',*,*,#924,.F.);
#1311=ORIENTED_EDGE('',*,*,#925,.T.);
#1312=ORIENTED_EDGE('',*,*,#922,.T.);
#1313=ORIENTED_EDGE('',*,*,#911,.T.);
#1314=ORIENTED_EDGE('',*,*,#926,.F.);
#1315=ORIENTED_EDGE('',*,*,#927,.T.);
#1316=ORIENTED_EDGE('',*,*,#924,.T.);
#1317=ORIENTED_EDGE('',*,*,#910,.T.);
#1318=ORIENTED_EDGE('',*,*,#928,.F.);
#1319=ORIENTED_EDGE('',*,*,#929,.T.);
#1320=ORIENTED_EDGE('',*,*,#926,.T.);
#1321=ORIENTED_EDGE('',*,*,#909,.T.);
#1322=ORIENTED_EDGE('',*,*,#930,.F.);
#1323=ORIENTED_EDGE('',*,*,#931,.T.);
#1324=ORIENTED_EDGE('',*,*,#928,.T.);
#1325=ORIENTED_EDGE('',*,*,#932,.T.);
#1326=ORIENTED_EDGE('',*,*,#930,.T.);
#1327=ORIENTED_EDGE('',*,*,#916,.F.);
#1328=ORIENTED_EDGE('',*,*,#919,.F.);
#1329=ORIENTED_EDGE('',*,*,#923,.F.);
#1330=ORIENTED_EDGE('',*,*,#925,.F.);
#1331=ORIENTED_EDGE('',*,*,#927,.F.);
#1332=ORIENTED_EDGE('',*,*,#929,.F.);
#1333=ORIENTED_EDGE('',*,*,#931,.F.);
#1334=ORIENTED_EDGE('',*,*,#932,.F.);
#1335=ORIENTED_EDGE('',*,*,#918,.F.);
#1336=ORIENTED_EDGE('',*,*,#921,.F.);
#1337=ORIENTED_EDGE('',*,*,#889,.T.);
#1338=ORIENTED_EDGE('',*,*,#886,.T.);
#1339=ORIENTED_EDGE('',*,*,#883,.T.);
#1340=ORIENTED_EDGE('',*,*,#880,.T.);
#1341=ORIENTED_EDGE('',*,*,#877,.T.);
#1342=ORIENTED_EDGE('',*,*,#873,.T.);
#1343=ORIENTED_EDGE('',*,*,#907,.T.);
#1344=ORIENTED_EDGE('',*,*,#904,.T.);
#1345=ORIENTED_EDGE('',*,*,#901,.T.);
#1346=ORIENTED_EDGE('',*,*,#898,.T.);
#1347=ORIENTED_EDGE('',*,*,#895,.T.);
#1348=ORIENTED_EDGE('',*,*,#892,.T.);
#1349=PLANE('',#1483);
#1350=PLANE('',#1488);
#1351=PLANE('',#1489);
#1352=PLANE('',#1492);
#1353=PLANE('',#1493);
#1354=PLANE('',#1496);
#1355=PLANE('',#1497);
#1356=PLANE('',#1500);
#1357=PLANE('',#1501);
#1358=PLANE('',#1504);
#1359=PLANE('',#1505);
#1360=PLANE('',#1506);
#1361=PLANE('',#1507);
#1362=PLANE('',#1508);
#1363=PLANE('',#1509);
#1364=PLANE('',#1513);
#1365=PLANE('',#1517);
#1366=PLANE('',#1521);
#1367=PLANE('',#1525);
#1368=PLANE('',#1526);
#1369=PLANE('',#1530);
#1370=PLANE('',#1535);
#1371=PLANE('',#1540);
#1372=PLANE('',#1544);
#1373=PLANE('',#1573);
#1374=PLANE('',#1574);
#1375=PLANE('',#1577);
#1376=PLANE('',#1578);
#1377=PLANE('',#1579);
#1378=PLANE('',#1580);
#1379=PLANE('',#1585);
#1380=PLANE('',#1588);
#1381=PLANE('',#1589);
#1382=PLANE('',#1593);
#1383=PLANE('',#1594);
#1384=PLANE('',#1598);
#1385=PLANE('',#1599);
#1386=PLANE('',#1603);
#1387=PLANE('',#1604);
#1388=PLANE('',#1608);
#1389=PLANE('',#1609);
#1390=PLANE('',#1610);
#1391=PLANE('',#1611);
#1392=PLANE('',#1618);
#1393=PLANE('',#1621);
#1394=PLANE('',#1624);
#1395=PLANE('',#1627);
#1396=PLANE('',#1628);
#1397=ADVANCED_FACE('',(#67),#1349,.T.);
#1398=ADVANCED_FACE('',(#68),#1350,.F.);
#1399=ADVANCED_FACE('',(#69),#1351,.F.);
#1400=ADVANCED_FACE('',(#70),#37,.F.);
#1401=ADVANCED_FACE('',(#71),#1352,.F.);
#1402=ADVANCED_FACE('',(#72),#1353,.F.);
#1403=ADVANCED_FACE('',(#73),#38,.F.);
#1404=ADVANCED_FACE('',(#74),#1354,.F.);
#1405=ADVANCED_FACE('',(#75),#1355,.F.);
#1406=ADVANCED_FACE('',(#76),#39,.F.);
#1407=ADVANCED_FACE('',(#77),#1356,.F.);
#1408=ADVANCED_FACE('',(#78),#1357,.F.);
#1409=ADVANCED_FACE('',(#79),#40,.F.);
#1410=ADVANCED_FACE('',(#80),#1358,.T.);
#1411=ADVANCED_FACE('',(#81),#1359,.T.);
#1412=ADVANCED_FACE('',(#82),#1360,.T.);
#1413=ADVANCED_FACE('',(#83),#1361,.T.);
#1414=ADVANCED_FACE('',(#84),#1362,.T.);
#1415=ADVANCED_FACE('',(#85),#1363,.T.);
#1416=ADVANCED_FACE('',(#86),#41,.T.);
#1417=ADVANCED_FACE('',(#87),#1364,.T.);
#1418=ADVANCED_FACE('',(#88),#42,.T.);
#1419=ADVANCED_FACE('',(#89),#1365,.T.);
#1420=ADVANCED_FACE('',(#90),#43,.T.);
#1421=ADVANCED_FACE('',(#91),#1366,.T.);
#1422=ADVANCED_FACE('',(#92),#44,.T.);
#1423=ADVANCED_FACE('',(#93,#27),#1367,.T.);
#1424=ADVANCED_FACE('',(#94,#28),#1368,.F.);
#1425=ADVANCED_FACE('',(#95),#45,.F.);
#1426=ADVANCED_FACE('',(#96,#29),#1369,.F.);
#1427=ADVANCED_FACE('',(#97),#46,.F.);
#1428=ADVANCED_FACE('',(#98,#30),#1370,.F.);
#1429=ADVANCED_FACE('',(#99),#47,.F.);
#1430=ADVANCED_FACE('',(#100),#1371,.T.);
#1431=ADVANCED_FACE('',(#101),#48,.F.);
#1432=ADVANCED_FACE('',(#102),#1372,.T.);
#1433=ADVANCED_FACE('',(#103),#49,.T.);
#1434=ADVANCED_FACE('',(#104),#17,.T.);
#1435=ADVANCED_FACE('',(#105),#50,.T.);
#1436=ADVANCED_FACE('',(#106),#18,.T.);
#1437=ADVANCED_FACE('',(#107),#51,.T.);
#1438=ADVANCED_FACE('',(#108),#19,.T.);
#1439=ADVANCED_FACE('',(#109),#52,.T.);
#1440=ADVANCED_FACE('',(#110),#20,.T.);
#1441=ADVANCED_FACE('',(#111),#53,.T.);
#1442=ADVANCED_FACE('',(#112),#54,.T.);
#1443=ADVANCED_FACE('',(#113),#1373,.T.);
#1444=ADVANCED_FACE('',(#114,#31,#32,#33),#1374,.T.);
#1445=ADVANCED_FACE('',(#115),#1375,.T.);
#1446=ADVANCED_FACE('',(#116),#1376,.T.);
#1447=ADVANCED_FACE('',(#117),#1377,.T.);
#1448=ADVANCED_FACE('',(#118),#1378,.T.);
#1449=ADVANCED_FACE('',(#119),#55,.F.);
#1450=ADVANCED_FACE('',(#120),#56,.F.);
#1451=ADVANCED_FACE('',(#121),#57,.T.);
#1452=ADVANCED_FACE('',(#122),#1379,.T.);
#1453=ADVANCED_FACE('',(#123),#58,.T.);
#1454=ADVANCED_FACE('',(#124),#1380,.T.);
#1455=ADVANCED_FACE('',(#125,#34,#35),#1381,.F.);
#1456=ADVANCED_FACE('',(#126),#59,.T.);
#1457=ADVANCED_FACE('',(#127),#1382,.T.);
#1458=ADVANCED_FACE('',(#128),#1383,.T.);
#1459=ADVANCED_FACE('',(#129),#60,.T.);
#1460=ADVANCED_FACE('',(#130),#1384,.T.);
#1461=ADVANCED_FACE('',(#131),#1385,.T.);
#1462=ADVANCED_FACE('',(#132),#61,.T.);
#1463=ADVANCED_FACE('',(#133),#1386,.T.);
#1464=ADVANCED_FACE('',(#134),#1387,.T.);
#1465=ADVANCED_FACE('',(#135),#62,.T.);
#1466=ADVANCED_FACE('',(#136),#1388,.T.);
#1467=ADVANCED_FACE('',(#137),#1389,.T.);
#1468=ADVANCED_FACE('',(#138),#1390,.F.);
#1469=ADVANCED_FACE('',(#139),#1391,.F.);
#1470=ADVANCED_FACE('',(#140),#63,.T.);
#1471=ADVANCED_FACE('',(#141),#1392,.T.);
#1472=ADVANCED_FACE('',(#142),#64,.T.);
#1473=ADVANCED_FACE('',(#143),#1393,.T.);
#1474=ADVANCED_FACE('',(#144),#65,.T.);
#1475=ADVANCED_FACE('',(#145),#1394,.T.);
#1476=ADVANCED_FACE('',(#146),#66,.T.);
#1477=ADVANCED_FACE('',(#147),#1395,.T.);
#1478=ADVANCED_FACE('',(#148,#36),#1396,.F.);
#1479=CLOSED_SHELL('',(#1397,#1398,#1399,#1400,#1401,#1402,#1403,#1404,
#1405,#1406,#1407,#1408,#1409,#1410,#1411,#1412,#1413,#1414,#1415,#1416,
#1417,#1418,#1419,#1420,#1421,#1422,#1423,#1424));
#1480=CLOSED_SHELL('',(#1425,#1426,#1427,#1428,#1429,#1430,#1431,#1432,
#1433,#1434,#1435,#1436,#1437,#1438,#1439,#1440,#1441,#1442,#1443,#1444,
#1445,#1446,#1447,#1448,#1449,#1450,#1451,#1452,#1453,#1454,#1455));
#1481=CLOSED_SHELL('',(#1456,#1457,#1458,#1459,#1460,#1461,#1462,#1463,
#1464,#1465,#1466,#1467,#1468,#1469,#1470,#1471,#1472,#1473,#1474,#1475,
#1476,#1477,#1478));
#1482=AXIS2_PLACEMENT_3D('',#2067,#1629,#1630);
#1483=AXIS2_PLACEMENT_3D('',#2068,#1631,#1632);
#1484=AXIS2_PLACEMENT_3D('',#2071,#1633,#1634);
#1485=AXIS2_PLACEMENT_3D('',#2077,#1637,#1638);
#1486=AXIS2_PLACEMENT_3D('',#2083,#1641,#1642);
#1487=AXIS2_PLACEMENT_3D('',#2089,#1645,#1646);
#1488=AXIS2_PLACEMENT_3D('',#2093,#1649,#1650);
#1489=AXIS2_PLACEMENT_3D('',#2099,#1654,#1655);
#1490=AXIS2_PLACEMENT_3D('',#2103,#1658,#1659);
#1491=AXIS2_PLACEMENT_3D('',#2105,#1660,#1661);
#1492=AXIS2_PLACEMENT_3D('',#2107,#1663,#1664);
#1493=AXIS2_PLACEMENT_3D('',#2111,#1667,#1668);
#1494=AXIS2_PLACEMENT_3D('',#2115,#1671,#1672);
#1495=AXIS2_PLACEMENT_3D('',#2117,#1673,#1674);
#1496=AXIS2_PLACEMENT_3D('',#2119,#1676,#1677);
#1497=AXIS2_PLACEMENT_3D('',#2123,#1680,#1681);
#1498=AXIS2_PLACEMENT_3D('',#2127,#1684,#1685);
#1499=AXIS2_PLACEMENT_3D('',#2129,#1686,#1687);
#1500=AXIS2_PLACEMENT_3D('',#2131,#1689,#1690);
#1501=AXIS2_PLACEMENT_3D('',#2135,#1693,#1694);
#1502=AXIS2_PLACEMENT_3D('',#2139,#1697,#1698);
#1503=AXIS2_PLACEMENT_3D('',#2140,#1699,#1700);
#1504=AXIS2_PLACEMENT_3D('',#2141,#1701,#1702);
#1505=AXIS2_PLACEMENT_3D('',#2150,#1707,#1708);
#1506=AXIS2_PLACEMENT_3D('',#2156,#1712,#1713);
#1507=AXIS2_PLACEMENT_3D('',#2160,#1716,#1717);
#1508=AXIS2_PLACEMENT_3D('',#2164,#1720,#1721);
#1509=AXIS2_PLACEMENT_3D('',#2166,#1723,#1724);
#1510=AXIS2_PLACEMENT_3D('',#2175,#1729,#1730);
#1511=AXIS2_PLACEMENT_3D('',#2177,#1731,#1732);
#1512=AXIS2_PLACEMENT_3D('',#2179,#1733,#1734);
#1513=AXIS2_PLACEMENT_3D('',#2181,#1736,#1737);
#1514=AXIS2_PLACEMENT_3D('',#2187,#1741,#1742);
#1515=AXIS2_PLACEMENT_3D('',#2189,#1743,#1744);
#1516=AXIS2_PLACEMENT_3D('',#2191,#1745,#1746);
#1517=AXIS2_PLACEMENT_3D('',#2193,#1748,#1749);
#1518=AXIS2_PLACEMENT_3D('',#2199,#1753,#1754);
#1519=AXIS2_PLACEMENT_3D('',#2201,#1755,#1756);
#1520=AXIS2_PLACEMENT_3D('',#2203,#1757,#1758);
#1521=AXIS2_PLACEMENT_3D('',#2205,#1760,#1761);
#1522=AXIS2_PLACEMENT_3D('',#2211,#1765,#1766);
#1523=AXIS2_PLACEMENT_3D('',#2212,#1767,#1768);
#1524=AXIS2_PLACEMENT_3D('',#2213,#1769,#1770);
#1525=AXIS2_PLACEMENT_3D('',#2214,#1771,#1772);
#1526=AXIS2_PLACEMENT_3D('',#2215,#1773,#1774);
#1527=AXIS2_PLACEMENT_3D('',#2216,#1775,#1776);
#1528=AXIS2_PLACEMENT_3D('',#2218,#1777,#1778);
#1529=AXIS2_PLACEMENT_3D('',#2221,#1780,#1781);
#1530=AXIS2_PLACEMENT_3D('',#2222,#1782,#1783);
#1531=AXIS2_PLACEMENT_3D('',#2224,#1784,#1785);
#1532=AXIS2_PLACEMENT_3D('',#2225,#1786,#1787);
#1533=AXIS2_PLACEMENT_3D('',#2227,#1788,#1789);
#1534=AXIS2_PLACEMENT_3D('',#2230,#1791,#1792);
#1535=AXIS2_PLACEMENT_3D('',#2231,#1793,#1794);
#1536=AXIS2_PLACEMENT_3D('',#2233,#1795,#1796);
#1537=AXIS2_PLACEMENT_3D('',#2234,#1797,#1798);
#1538=AXIS2_PLACEMENT_3D('',#2237,#1799,#1800);
#1539=AXIS2_PLACEMENT_3D('',#2241,#1802,#1803);
#1540=AXIS2_PLACEMENT_3D('',#2243,#1805,#1806);
#1541=AXIS2_PLACEMENT_3D('',#2249,#1810,#1811);
#1542=AXIS2_PLACEMENT_3D('',#2251,#1812,#1813);
#1543=AXIS2_PLACEMENT_3D('',#2253,#1814,#1815);
#1544=AXIS2_PLACEMENT_3D('',#2255,#1817,#1818);
#1545=AXIS2_PLACEMENT_3D('',#2265,#1824,#1825);
#1546=AXIS2_PLACEMENT_3D('',#2268,#1826,#1827);
#1547=AXIS2_PLACEMENT_3D('',#2272,#1829,#1830);
#1548=AXIS2_PLACEMENT_3D('',#2274,#1832,#1833);
#1549=AXIS2_PLACEMENT_3D('',#2276,#1834,#1835);
#1550=AXIS2_PLACEMENT_3D('',#2277,#1836,#1837);
#1551=AXIS2_PLACEMENT_3D('',#2278,#1838,#1839);
#1552=AXIS2_PLACEMENT_3D('',#2279,#1840,#1841);
#1553=AXIS2_PLACEMENT_3D('',#2281,#1842,#1843);
#1554=AXIS2_PLACEMENT_3D('',#2283,#1845,#1846);
#1555=AXIS2_PLACEMENT_3D('',#2286,#1847,#1848);
#1556=AXIS2_PLACEMENT_3D('',#2287,#1849,#1850);
#1557=AXIS2_PLACEMENT_3D('',#2288,#1851,#1852);
#1558=AXIS2_PLACEMENT_3D('',#2289,#1853,#1854);
#1559=AXIS2_PLACEMENT_3D('',#2292,#1855,#1856);
#1560=AXIS2_PLACEMENT_3D('',#2295,#1859,#1860);
#1561=AXIS2_PLACEMENT_3D('',#2298,#1861,#1862);
#1562=AXIS2_PLACEMENT_3D('',#2299,#1863,#1864);
#1563=AXIS2_PLACEMENT_3D('',#2300,#1865,#1866);
#1564=AXIS2_PLACEMENT_3D('',#2301,#1867,#1868);
#1565=AXIS2_PLACEMENT_3D('',#2304,#1869,#1870);
#1566=AXIS2_PLACEMENT_3D('',#2307,#1873,#1874);
#1567=AXIS2_PLACEMENT_3D('',#2308,#1875,#1876);
#1568=AXIS2_PLACEMENT_3D('',#2309,#1877,#1878);
#1569=AXIS2_PLACEMENT_3D('',#2310,#1879,#1880);
#1570=AXIS2_PLACEMENT_3D('',#2312,#1881,#1882);
#1571=AXIS2_PLACEMENT_3D('',#2314,#1884,#1885);
#1572=AXIS2_PLACEMENT_3D('',#2317,#1887,#1888);
#1573=AXIS2_PLACEMENT_3D('',#2318,#1889,#1890);
#1574=AXIS2_PLACEMENT_3D('',#2322,#1893,#1894);
#1575=AXIS2_PLACEMENT_3D('',#2332,#1899,#1900);
#1576=AXIS2_PLACEMENT_3D('',#2334,#1901,#1902);
#1577=AXIS2_PLACEMENT_3D('',#2335,#1903,#1904);
#1578=AXIS2_PLACEMENT_3D('',#2342,#1909,#1910);
#1579=AXIS2_PLACEMENT_3D('',#2346,#1913,#1914);
#1580=AXIS2_PLACEMENT_3D('',#2350,#1917,#1918);
#1581=AXIS2_PLACEMENT_3D('',#2352,#1920,#1921);
#1582=AXIS2_PLACEMENT_3D('',#2354,#1923,#1924);
#1583=AXIS2_PLACEMENT_3D('',#2356,#1926,#1927);
#1584=AXIS2_PLACEMENT_3D('',#2359,#1929,#1930);
#1585=AXIS2_PLACEMENT_3D('',#2360,#1931,#1932);
#1586=AXIS2_PLACEMENT_3D('',#2364,#1935,#1936);
#1587=AXIS2_PLACEMENT_3D('',#2367,#1938,#1939);
#1588=AXIS2_PLACEMENT_3D('',#2368,#1940,#1941);
#1589=AXIS2_PLACEMENT_3D('',#2370,#1943,#1944);
#1590=AXIS2_PLACEMENT_3D('',#2371,#1945,#1946);
#1591=AXIS2_PLACEMENT_3D('',#2374,#1947,#1948);
#1592=AXIS2_PLACEMENT_3D('',#2378,#1950,#1951);
#1593=AXIS2_PLACEMENT_3D('',#2380,#1953,#1954);
#1594=AXIS2_PLACEMENT_3D('',#2386,#1958,#1959);
#1595=AXIS2_PLACEMENT_3D('',#2392,#1963,#1964);
#1596=AXIS2_PLACEMENT_3D('',#2394,#1965,#1966);
#1597=AXIS2_PLACEMENT_3D('',#2397,#1968,#1969);
#1598=AXIS2_PLACEMENT_3D('',#2398,#1970,#1971);
#1599=AXIS2_PLACEMENT_3D('',#2404,#1975,#1976);
#1600=AXIS2_PLACEMENT_3D('',#2410,#1980,#1981);
#1601=AXIS2_PLACEMENT_3D('',#2412,#1982,#1983);
#1602=AXIS2_PLACEMENT_3D('',#2415,#1985,#1986);
#1603=AXIS2_PLACEMENT_3D('',#2416,#1987,#1988);
#1604=AXIS2_PLACEMENT_3D('',#2422,#1992,#1993);
#1605=AXIS2_PLACEMENT_3D('',#2428,#1997,#1998);
#1606=AXIS2_PLACEMENT_3D('',#2430,#1999,#2000);
#1607=AXIS2_PLACEMENT_3D('',#2433,#2002,#2003);
#1608=AXIS2_PLACEMENT_3D('',#2434,#2004,#2005);
#1609=AXIS2_PLACEMENT_3D('',#2440,#2009,#2010);
#1610=AXIS2_PLACEMENT_3D('',#2443,#2013,#2014);
#1611=AXIS2_PLACEMENT_3D('',#2444,#2015,#2016);
#1612=AXIS2_PLACEMENT_3D('',#2447,#2017,#2018);
#1613=AXIS2_PLACEMENT_3D('',#2451,#2020,#2021);
#1614=AXIS2_PLACEMENT_3D('',#2455,#2023,#2024);
#1615=AXIS2_PLACEMENT_3D('',#2459,#2026,#2027);
#1616=AXIS2_PLACEMENT_3D('',#2461,#2029,#2030);
#1617=AXIS2_PLACEMENT_3D('',#2465,#2032,#2033);
#1618=AXIS2_PLACEMENT_3D('',#2467,#2035,#2036);
#1619=AXIS2_PLACEMENT_3D('',#2471,#2039,#2040);
#1620=AXIS2_PLACEMENT_3D('',#2474,#2042,#2043);
#1621=AXIS2_PLACEMENT_3D('',#2475,#2044,#2045);
#1622=AXIS2_PLACEMENT_3D('',#2479,#2048,#2049);
#1623=AXIS2_PLACEMENT_3D('',#2482,#2051,#2052);
#1624=AXIS2_PLACEMENT_3D('',#2483,#2053,#2054);
#1625=AXIS2_PLACEMENT_3D('',#2487,#2057,#2058);
#1626=AXIS2_PLACEMENT_3D('',#2490,#2060,#2061);
#1627=AXIS2_PLACEMENT_3D('',#2491,#2062,#2063);
#1628=AXIS2_PLACEMENT_3D('',#2493,#2065,#2066);
#1629=DIRECTION('axis',(0.,0.,1.));
#1630=DIRECTION('refdir',(1.,0.,0.));
#1631=DIRECTION('center_axis',(0.,0.,-1.));
#1632=DIRECTION('ref_axis',(1.,0.,0.));
#1633=DIRECTION('center_axis',(0.,0.,1.));
#1634=DIRECTION('ref_axis',(0.324324324324324,-0.945945945945946,0.));
#1635=DIRECTION('',(-1.,7.01193478788344E-17,0.));
#1636=DIRECTION('',(0.,-1.,0.));
#1637=DIRECTION('center_axis',(0.,0.,1.));
#1638=DIRECTION('ref_axis',(-0.8,-0.6,0.));
#1639=DIRECTION('',(0.,1.,0.));
#1640=DIRECTION('',(-1.,1.77635681293047E-16,0.));
#1641=DIRECTION('center_axis',(0.,0.,1.));
#1642=DIRECTION('ref_axis',(-0.324324324324324,0.945945945945946,0.));
#1643=DIRECTION('',(1.,-8.88178406465236E-17,0.));
#1644=DIRECTION('',(0.,1.,0.));
#1645=DIRECTION('center_axis',(0.,0.,1.));
#1646=DIRECTION('ref_axis',(0.8,0.6,0.));
#1647=DIRECTION('',(0.,-1.,0.));
#1648=DIRECTION('',(1.,-1.40238695757669E-16,0.));
#1649=DIRECTION('center_axis',(7.01193478788344E-17,1.,0.));
#1650=DIRECTION('ref_axis',(-1.,7.01193478788344E-17,0.));
#1651=DIRECTION('',(-1.,7.01193478788344E-17,0.));
#1652=DIRECTION('',(0.,0.,1.));
#1653=DIRECTION('',(0.,0.,1.));
#1654=DIRECTION('center_axis',(-1.,0.,0.));
#1655=DIRECTION('ref_axis',(0.,-1.,0.));
#1656=DIRECTION('',(0.,-1.,0.));
#1657=DIRECTION('',(0.,0.,1.));
#1658=DIRECTION('center_axis',(0.,0.,1.));
#1659=DIRECTION('ref_axis',(2.22044601616309E-16,1.,0.));
#1660=DIRECTION('center_axis',(0.,0.,1.));
#1661=DIRECTION('ref_axis',(-0.8,-0.6,0.));
#1662=DIRECTION('',(0.,0.,1.));
#1663=DIRECTION('center_axis',(1.,0.,0.));
#1664=DIRECTION('ref_axis',(0.,1.,0.));
#1665=DIRECTION('',(0.,1.,0.));
#1666=DIRECTION('',(0.,0.,1.));
#1667=DIRECTION('center_axis',(1.77635681293047E-16,1.,0.));
#1668=DIRECTION('ref_axis',(-1.,1.77635681293047E-16,0.));
#1669=DIRECTION('',(-1.,1.77635681293047E-16,0.));
#1670=DIRECTION('',(0.,0.,1.));
#1671=DIRECTION('center_axis',(0.,0.,1.));
#1672=DIRECTION('ref_axis',(1.,-3.33066902424463E-16,0.));
#1673=DIRECTION('center_axis',(0.,0.,1.));
#1674=DIRECTION('ref_axis',(-0.324324324324324,0.945945945945946,0.));
#1675=DIRECTION('',(0.,0.,1.));
#1676=DIRECTION('center_axis',(-8.88178406465236E-17,-1.,0.));
#1677=DIRECTION('ref_axis',(1.,-8.88178406465236E-17,0.));
#1678=DIRECTION('',(1.,-8.88178406465236E-17,0.));
#1679=DIRECTION('',(0.,0.,1.));
#1680=DIRECTION('center_axis',(1.,0.,0.));
#1681=DIRECTION('ref_axis',(0.,1.,0.));
#1682=DIRECTION('',(0.,1.,0.));
#1683=DIRECTION('',(0.,0.,1.));
#1684=DIRECTION('center_axis',(0.,0.,1.));
#1685=DIRECTION('ref_axis',(-3.33066902424463E-16,-1.,0.));
#1686=DIRECTION('center_axis',(0.,0.,1.));
#1687=DIRECTION('ref_axis',(0.8,0.6,0.));
#1688=DIRECTION('',(0.,0.,1.));
#1689=DIRECTION('center_axis',(-1.,0.,0.));
#1690=DIRECTION('ref_axis',(0.,-1.,0.));
#1691=DIRECTION('',(0.,-1.,0.));
#1692=DIRECTION('',(0.,0.,1.));
#1693=DIRECTION('center_axis',(-1.40238695757669E-16,-1.,0.));
#1694=DIRECTION('ref_axis',(1.,-1.40238695757669E-16,0.));
#1695=DIRECTION('',(1.,-1.40238695757669E-16,0.));
#1696=DIRECTION('',(0.,0.,1.));
#1697=DIRECTION('center_axis',(0.,0.,1.));
#1698=DIRECTION('ref_axis',(-1.,3.33066902424463E-16,0.));
#1699=DIRECTION('center_axis',(0.,0.,1.));
#1700=DIRECTION('ref_axis',(0.324324324324324,-0.945945945945946,0.));
#1701=DIRECTION('center_axis',(0.,0.,1.));
#1702=DIRECTION('ref_axis',(1.,0.,0.));
#1703=DIRECTION('',(0.,-1.,0.));
#1704=DIRECTION('',(1.,0.,0.));
#1705=DIRECTION('',(0.,1.,0.));
#1706=DIRECTION('',(-1.,0.,0.));
#1707=DIRECTION('center_axis',(1.,0.,0.));
#1708=DIRECTION('ref_axis',(0.,1.,0.));
#1709=DIRECTION('',(0.,0.,1.));
#1710=DIRECTION('',(0.,1.,0.));
#1711=DIRECTION('',(0.,0.,1.));
#1712=DIRECTION('center_axis',(0.,-1.,0.));
#1713=DIRECTION('ref_axis',(1.,0.,0.));
#1714=DIRECTION('',(0.,0.,1.));
#1715=DIRECTION('',(1.,0.,0.));
#1716=DIRECTION('center_axis',(-1.,0.,0.));
#1717=DIRECTION('ref_axis',(0.,-1.,0.));
#1718=DIRECTION('',(0.,0.,1.));
#1719=DIRECTION('',(0.,-1.,0.));
#1720=DIRECTION('center_axis',(0.,1.,0.));
#1721=DIRECTION('ref_axis',(-1.,0.,0.));
#1722=DIRECTION('',(-1.,0.,0.));
#1723=DIRECTION('center_axis',(0.,1.,0.));
#1724=DIRECTION('ref_axis',(-1.,0.,0.));
#1725=DIRECTION('',(1.,0.,0.));
#1726=DIRECTION('',(0.,0.,1.));
#1727=DIRECTION('',(-1.,0.,0.));
#1728=DIRECTION('',(0.,0.,1.));
#1729=DIRECTION('center_axis',(0.,0.,1.));
#1730=DIRECTION('ref_axis',(1.,8.88178419700124E-16,0.));
#1731=DIRECTION('center_axis',(0.,0.,1.));
#1732=DIRECTION('ref_axis',(1.,8.88178419700124E-16,0.));
#1733=DIRECTION('center_axis',(0.,0.,1.));
#1734=DIRECTION('ref_axis',(1.,8.88178419700124E-16,0.));
#1735=DIRECTION('',(0.,0.,1.));
#1736=DIRECTION('center_axis',(1.,0.,0.));
#1737=DIRECTION('ref_axis',(0.,1.,0.));
#1738=DIRECTION('',(0.,-1.,0.));
#1739=DIRECTION('',(0.,1.,0.));
#1740=DIRECTION('',(0.,0.,1.));
#1741=DIRECTION('center_axis',(0.,0.,1.));
#1742=DIRECTION('ref_axis',(1.77635683940025E-15,-1.,0.));
#1743=DIRECTION('center_axis',(0.,0.,1.));
#1744=DIRECTION('ref_axis',(1.77635683940025E-15,-1.,0.));
#1745=DIRECTION('center_axis',(0.,0.,1.));
#1746=DIRECTION('ref_axis',(1.77635683940025E-15,-1.,0.));
#1747=DIRECTION('',(0.,0.,1.));
#1748=DIRECTION('center_axis',(1.02206952784825E-16,-1.,0.));
#1749=DIRECTION('ref_axis',(1.,1.02206952784825E-16,0.));
#1750=DIRECTION('',(-1.,-1.02206952784825E-16,0.));
#1751=DIRECTION('',(1.,1.02206952784825E-16,0.));
#1752=DIRECTION('',(0.,0.,1.));
#1753=DIRECTION('center_axis',(0.,0.,1.));
#1754=DIRECTION('ref_axis',(-1.,2.66453525910038E-15,0.));
#1755=DIRECTION('center_axis',(0.,0.,1.));
#1756=DIRECTION('ref_axis',(-1.,2.66453525910038E-15,0.));
#1757=DIRECTION('center_axis',(0.,0.,1.));
#1758=DIRECTION('ref_axis',(-1.,2.66453525910038E-15,0.));
#1759=DIRECTION('',(0.,0.,1.));
#1760=DIRECTION('center_axis',(-1.,0.,0.));
#1761=DIRECTION('ref_axis',(0.,-1.,0.));
#1762=DIRECTION('',(0.,1.,0.));
#1763=DIRECTION('',(0.,-1.,0.));
#1764=DIRECTION('',(0.,0.,1.));
#1765=DIRECTION('center_axis',(0.,0.,1.));
#1766=DIRECTION('ref_axis',(-1.77635683940025E-15,1.,0.));
#1767=DIRECTION('center_axis',(0.,0.,1.));
#1768=DIRECTION('ref_axis',(-1.77635683940025E-15,1.,0.));
#1769=DIRECTION('center_axis',(0.,0.,1.));
#1770=DIRECTION('ref_axis',(-1.77635683940025E-15,1.,0.));
#1771=DIRECTION('center_axis',(0.,0.,1.));
#1772=DIRECTION('ref_axis',(1.,0.,0.));
#1773=DIRECTION('center_axis',(0.,0.,1.));
#1774=DIRECTION('ref_axis',(1.,0.,0.));
#1775=DIRECTION('center_axis',(0.,0.,1.));
#1776=DIRECTION('ref_axis',(1.,0.,0.));
#1777=DIRECTION('center_axis',(0.,0.,-1.));
#1778=DIRECTION('ref_axis',(1.,0.,0.));
#1779=DIRECTION('',(0.,0.,-1.));
#1780=DIRECTION('center_axis',(0.,0.,-1.));
#1781=DIRECTION('ref_axis',(1.,0.,0.));
#1782=DIRECTION('center_axis',(0.,0.,-1.));
#1783=DIRECTION('ref_axis',(1.,0.,0.));
#1784=DIRECTION('center_axis',(0.,0.,-1.));
#1785=DIRECTION('ref_axis',(-1.,0.,0.));
#1786=DIRECTION('center_axis',(0.,0.,1.));
#1787=DIRECTION('ref_axis',(1.,0.,0.));
#1788=DIRECTION('center_axis',(0.,0.,-1.));
#1789=DIRECTION('ref_axis',(1.,0.,0.));
#1790=DIRECTION('',(0.,0.,-1.));
#1791=DIRECTION('center_axis',(0.,0.,-1.));
#1792=DIRECTION('ref_axis',(1.,0.,0.));
#1793=DIRECTION('center_axis',(0.,0.,-1.));
#1794=DIRECTION('ref_axis',(1.,0.,0.));
#1795=DIRECTION('center_axis',(0.,0.,-1.));
#1796=DIRECTION('ref_axis',(-1.,0.,0.));
#1797=DIRECTION('center_axis',(0.,-1.,0.));
#1798=DIRECTION('ref_axis',(-0.707106781186547,0.,0.707106781186547));
#1799=DIRECTION('center_axis',(0.,1.,0.));
#1800=DIRECTION('ref_axis',(-0.707106781186547,0.,0.707106781186547));
#1801=DIRECTION('',(0.,-1.,0.));
#1802=DIRECTION('center_axis',(0.,-1.,0.));
#1803=DIRECTION('ref_axis',(-0.707106781186547,0.,0.707106781186547));
#1804=DIRECTION('',(0.,-1.,0.));
#1805=DIRECTION('center_axis',(0.,0.,-1.));
#1806=DIRECTION('ref_axis',(-1.,0.,0.));
#1807=DIRECTION('',(1.,0.,0.));
#1808=DIRECTION('',(0.,1.,0.));
#1809=DIRECTION('',(-1.,0.,0.));
#1810=DIRECTION('center_axis',(0.,1.,0.));
#1811=DIRECTION('ref_axis',(0.707106781186547,0.,0.707106781186547));
#1812=DIRECTION('center_axis',(0.,-1.,0.));
#1813=DIRECTION('ref_axis',(0.707106781186547,0.,0.707106781186547));
#1814=DIRECTION('center_axis',(0.,1.,0.));
#1815=DIRECTION('ref_axis',(0.707106781186547,0.,0.707106781186547));
#1816=DIRECTION('',(0.,1.,0.));
#1817=DIRECTION('center_axis',(0.,1.,0.));
#1818=DIRECTION('ref_axis',(-1.,0.,0.));
#1819=DIRECTION('',(-1.,0.,0.));
#1820=DIRECTION('',(0.,0.,1.));
#1821=DIRECTION('',(-1.,0.,0.));
#1822=DIRECTION('',(0.,0.,1.));
#1823=DIRECTION('',(-1.,0.,0.));
#1824=DIRECTION('center_axis',(-1.46057954234522E-16,1.,0.));
#1825=DIRECTION('ref_axis',(0.707106781186548,0.,0.707106781186548));
#1826=DIRECTION('center_axis',(0.,1.,0.));
#1827=DIRECTION('ref_axis',(0.,0.,1.));
#1828=DIRECTION('',(-1.46057954234522E-16,1.,0.));
#1829=DIRECTION('center_axis',(0.,-1.,0.));
#1830=DIRECTION('ref_axis',(1.,0.,0.));
#1831=DIRECTION('',(1.46057954234522E-16,-1.,0.));
#1832=DIRECTION('center_axis',(0.,0.,1.));
#1833=DIRECTION('ref_axis',(1.,0.,0.));
#1834=DIRECTION('center_axis',(1.,0.,0.));
#1835=DIRECTION('ref_axis',(0.,1.,0.));
#1836=DIRECTION('center_axis',(0.,0.,-1.));
#1837=DIRECTION('ref_axis',(0.707106781186548,0.707106781186547,0.));
#1838=DIRECTION('center_axis',(0.,0.,1.));
#1839=DIRECTION('ref_axis',(0.707106781186548,0.707106781186547,0.));
#1840=DIRECTION('center_axis',(-1.,0.,0.));
#1841=DIRECTION('ref_axis',(0.,0.707106781186551,0.707106781186544));
#1842=DIRECTION('center_axis',(1.,-8.88178419700124E-15,0.));
#1843=DIRECTION('ref_axis',(8.88178419700124E-15,1.,0.));
#1844=DIRECTION('',(1.,0.,0.));
#1845=DIRECTION('center_axis',(0.,0.,1.));
#1846=DIRECTION('ref_axis',(1.,0.,0.));
#1847=DIRECTION('center_axis',(0.,1.,0.));
#1848=DIRECTION('ref_axis',(-1.,0.,0.));
#1849=DIRECTION('center_axis',(0.,0.,-1.));
#1850=DIRECTION('ref_axis',(-0.707106781186549,0.707106781186546,0.));
#1851=DIRECTION('center_axis',(0.,0.,1.));
#1852=DIRECTION('ref_axis',(-0.707106781186549,0.707106781186546,0.));
#1853=DIRECTION('center_axis',(1.46057954234521E-16,-1.,0.));
#1854=DIRECTION('ref_axis',(-0.707106781186548,0.,0.707106781186548));
#1855=DIRECTION('center_axis',(-4.44089209850064E-15,1.,0.));
#1856=DIRECTION('ref_axis',(-1.,-4.44089209850064E-15,0.));
#1857=DIRECTION('',(-1.46057954234521E-16,1.,0.));
#1858=DIRECTION('',(1.46057954234521E-16,-1.,0.));
#1859=DIRECTION('center_axis',(0.,0.,1.));
#1860=DIRECTION('ref_axis',(1.,0.,0.));
#1861=DIRECTION('center_axis',(-1.,0.,0.));
#1862=DIRECTION('ref_axis',(0.,-1.,0.));
#1863=DIRECTION('center_axis',(0.,0.,-1.));
#1864=DIRECTION('ref_axis',(-0.707106781186548,-0.707106781186547,0.));
#1865=DIRECTION('center_axis',(0.,0.,1.));
#1866=DIRECTION('ref_axis',(-0.707106781186548,-0.707106781186547,0.));
#1867=DIRECTION('center_axis',(1.,1.02206952784825E-16,0.));
#1868=DIRECTION('ref_axis',(0.,-0.707106781186551,0.707106781186544));
#1869=DIRECTION('center_axis',(-1.,0.,0.));
#1870=DIRECTION('ref_axis',(0.,-1.,0.));
#1871=DIRECTION('',(-1.,-1.02206952784825E-16,0.));
#1872=DIRECTION('',(1.,1.02206952784825E-16,0.));
#1873=DIRECTION('center_axis',(0.,0.,1.));
#1874=DIRECTION('ref_axis',(1.,0.,0.));
#1875=DIRECTION('center_axis',(0.,0.,-1.));
#1876=DIRECTION('ref_axis',(0.707106781186548,-0.707106781186547,0.));
#1877=DIRECTION('center_axis',(0.,0.,1.));
#1878=DIRECTION('ref_axis',(0.707106781186548,-0.707106781186547,0.));
#1879=DIRECTION('center_axis',(0.,0.,1.));
#1880=DIRECTION('ref_axis',(-8.88178419700126E-16,1.,0.));
#1881=DIRECTION('center_axis',(0.,0.,1.));
#1882=DIRECTION('ref_axis',(-8.88178419700126E-16,1.,0.));
#1883=DIRECTION('',(0.,0.,1.));
#1884=DIRECTION('center_axis',(0.,0.,1.));
#1885=DIRECTION('ref_axis',(1.,-1.33226762955019E-15,0.));
#1886=DIRECTION('',(0.,0.,1.));
#1887=DIRECTION('center_axis',(0.,0.,1.));
#1888=DIRECTION('ref_axis',(1.,-1.33226762955019E-15,0.));
#1889=DIRECTION('center_axis',(1.,1.46057954234522E-16,0.));
#1890=DIRECTION('ref_axis',(-1.46057954234522E-16,1.,0.));
#1891=DIRECTION('',(0.,0.,1.));
#1892=DIRECTION('',(-1.46057954234522E-16,1.,0.));
#1893=DIRECTION('center_axis',(0.,0.,1.));
#1894=DIRECTION('ref_axis',(-1.,0.,0.));
#1895=DIRECTION('',(0.,-1.,0.));
#1896=DIRECTION('',(-1.,0.,0.));
#1897=DIRECTION('',(0.,1.,0.));
#1898=DIRECTION('',(1.,0.,0.));
#1899=DIRECTION('center_axis',(0.,0.,-1.));
#1900=DIRECTION('ref_axis',(-1.,0.,0.));
#1901=DIRECTION('center_axis',(0.,0.,-1.));
#1902=DIRECTION('ref_axis',(-1.,0.,0.));
#1903=DIRECTION('center_axis',(0.,-1.,0.));
#1904=DIRECTION('ref_axis',(1.,0.,0.));
#1905=DIRECTION('',(1.,0.,0.));
#1906=DIRECTION('',(0.,0.,1.));
#1907=DIRECTION('',(0.,0.,1.));
#1908=DIRECTION('',(1.,0.,0.));
#1909=DIRECTION('center_axis',(1.,0.,0.));
#1910=DIRECTION('ref_axis',(0.,1.,0.));
#1911=DIRECTION('',(0.,1.,0.));
#1912=DIRECTION('',(0.,0.,1.));
#1913=DIRECTION('center_axis',(0.,1.,0.));
#1914=DIRECTION('ref_axis',(-1.,0.,0.));
#1915=DIRECTION('',(-1.,0.,0.));
#1916=DIRECTION('',(0.,0.,1.));
#1917=DIRECTION('center_axis',(-1.,0.,0.));
#1918=DIRECTION('ref_axis',(0.,-1.,0.));
#1919=DIRECTION('',(0.,-1.,0.));
#1920=DIRECTION('center_axis',(0.,0.,1.));
#1921=DIRECTION('ref_axis',(-1.,0.,0.));
#1922=DIRECTION('',(0.,0.,-1.));
#1923=DIRECTION('center_axis',(0.,0.,1.));
#1924=DIRECTION('ref_axis',(-1.,0.,0.));
#1925=DIRECTION('',(0.,0.,-1.));
#1926=DIRECTION('center_axis',(0.,0.,1.));
#1927=DIRECTION('ref_axis',(0.,-1.,0.));
#1928=DIRECTION('',(0.,0.,1.));
#1929=DIRECTION('center_axis',(0.,0.,1.));
#1930=DIRECTION('ref_axis',(0.,-1.,0.));
#1931=DIRECTION('center_axis',(1.02206952784825E-16,-1.,0.));
#1932=DIRECTION('ref_axis',(1.,1.02206952784825E-16,0.));
#1933=DIRECTION('',(0.,0.,1.));
#1934=DIRECTION('',(1.,1.02206952784825E-16,0.));
#1935=DIRECTION('center_axis',(0.,0.,1.));
#1936=DIRECTION('ref_axis',(-1.,0.,0.));
#1937=DIRECTION('',(0.,0.,1.));
#1938=DIRECTION('center_axis',(0.,0.,1.));
#1939=DIRECTION('ref_axis',(-1.,0.,0.));
#1940=DIRECTION('center_axis',(-1.,-1.46057954234521E-16,0.));
#1941=DIRECTION('ref_axis',(1.46057954234521E-16,-1.,0.));
#1942=DIRECTION('',(1.46057954234521E-16,-1.,0.));
#1943=DIRECTION('center_axis',(0.,0.,1.));
#1944=DIRECTION('ref_axis',(-1.,0.,0.));
#1945=DIRECTION('center_axis',(0.,0.,-1.));
#1946=DIRECTION('ref_axis',(1.22464679914735E-16,-1.,0.));
#1947=DIRECTION('center_axis',(0.,0.,-1.));
#1948=DIRECTION('ref_axis',(1.22464679914735E-16,-1.,0.));
#1949=DIRECTION('',(0.,0.,-1.));
#1950=DIRECTION('center_axis',(0.,0.,-1.));
#1951=DIRECTION('ref_axis',(1.22464679914735E-16,-1.,0.));
#1952=DIRECTION('',(0.,0.,-1.));
#1953=DIRECTION('center_axis',(-5.37611944047636E-17,-1.,0.));
#1954=DIRECTION('ref_axis',(-1.,5.37611944047636E-17,0.));
#1955=DIRECTION('',(-1.,5.37611944047636E-17,0.));
#1956=DIRECTION('',(0.,0.,-1.));
#1957=DIRECTION('',(-1.,5.37611944047636E-17,0.));
#1958=DIRECTION('center_axis',(-1.,-1.22464679914735E-16,0.));
#1959=DIRECTION('ref_axis',(-1.22464679914735E-16,1.,0.));
#1960=DIRECTION('',(-1.22464679914735E-16,1.,0.));
#1961=DIRECTION('',(0.,0.,-1.));
#1962=DIRECTION('',(-1.22464679914735E-16,1.,0.));
#1963=DIRECTION('center_axis',(0.,0.,-1.));
#1964=DIRECTION('ref_axis',(1.,1.22464679914735E-16,0.));
#1965=DIRECTION('center_axis',(0.,0.,-1.));
#1966=DIRECTION('ref_axis',(1.,1.22464679914735E-16,0.));
#1967=DIRECTION('',(0.,0.,-1.));
#1968=DIRECTION('center_axis',(0.,0.,-1.));
#1969=DIRECTION('ref_axis',(1.,1.22464679914735E-16,0.));
#1970=DIRECTION('center_axis',(1.,1.22464679914735E-16,0.));
#1971=DIRECTION('ref_axis',(1.22464679914735E-16,-1.,0.));
#1972=DIRECTION('',(1.22464679914735E-16,-1.,0.));
#1973=DIRECTION('',(0.,0.,-1.));
#1974=DIRECTION('',(1.22464679914735E-16,-1.,0.));
#1975=DIRECTION('center_axis',(3.43517427549859E-17,-1.,0.));
#1976=DIRECTION('ref_axis',(-1.,-3.43517427549859E-17,0.));
#1977=DIRECTION('',(-1.,-3.43517427549859E-17,0.));
#1978=DIRECTION('',(0.,0.,-1.));
#1979=DIRECTION('',(-1.,-3.43517427549859E-17,0.));
#1980=DIRECTION('center_axis',(0.,0.,-1.));
#1981=DIRECTION('ref_axis',(8.02721159578787E-16,1.,0.));
#1982=DIRECTION('center_axis',(0.,0.,-1.));
#1983=DIRECTION('ref_axis',(8.02721159578787E-16,1.,0.));
#1984=DIRECTION('',(0.,0.,-1.));
#1985=DIRECTION('center_axis',(0.,0.,-1.));
#1986=DIRECTION('ref_axis',(8.02721159578787E-16,1.,0.));
#1987=DIRECTION('center_axis',(5.37611944047635E-17,1.,0.));
#1988=DIRECTION('ref_axis',(1.,-5.37611944047635E-17,0.));
#1989=DIRECTION('',(1.,-5.37611944047635E-17,0.));
#1990=DIRECTION('',(0.,0.,-1.));
#1991=DIRECTION('',(1.,-5.37611944047635E-17,0.));
#1992=DIRECTION('center_axis',(1.,1.22464679914735E-16,0.));
#1993=DIRECTION('ref_axis',(1.22464679914735E-16,-1.,0.));
#1994=DIRECTION('',(1.22464679914735E-16,-1.,0.));
#1995=DIRECTION('',(0.,0.,-1.));
#1996=DIRECTION('',(1.22464679914735E-16,-1.,0.));
#1997=DIRECTION('center_axis',(0.,0.,-1.));
#1998=DIRECTION('ref_axis',(-1.,-1.22464679914735E-16,0.));
#1999=DIRECTION('center_axis',(0.,0.,-1.));
#2000=DIRECTION('ref_axis',(-1.,-1.22464679914735E-16,0.));
#2001=DIRECTION('',(0.,0.,-1.));
#2002=DIRECTION('center_axis',(0.,0.,-1.));
#2003=DIRECTION('ref_axis',(-1.,-1.22464679914735E-16,0.));
#2004=DIRECTION('center_axis',(-1.,-1.22464679914735E-16,0.));
#2005=DIRECTION('ref_axis',(-1.22464679914735E-16,1.,0.));
#2006=DIRECTION('',(-1.22464679914735E-16,1.,0.));
#2007=DIRECTION('',(0.,0.,-1.));
#2008=DIRECTION('',(-1.22464679914735E-16,1.,0.));
#2009=DIRECTION('center_axis',(-3.43517427549859E-17,1.,0.));
#2010=DIRECTION('ref_axis',(1.,3.43517427549859E-17,0.));
#2011=DIRECTION('',(1.,3.43517427549859E-17,0.));
#2012=DIRECTION('',(1.,3.43517427549859E-17,0.));
#2013=DIRECTION('center_axis',(0.,0.,-1.));
#2014=DIRECTION('ref_axis',(-1.,-1.22464679914735E-16,0.));
#2015=DIRECTION('center_axis',(-4.54326353458972E-18,0.0370985621140145,
0.999311611405107));
#2016=DIRECTION('ref_axis',(1.22380376625805E-16,-0.999311611405107,0.0370985621140145));
#2017=DIRECTION('center_axis',(-4.54326353458972E-18,0.0370985621140145,
0.999311611405107));
#2018=DIRECTION('ref_axis',(-1.00994738443158E-15,0.999311611405107,-0.0370985621140146));
#2019=DIRECTION('',(-2.68337786230438E-16,0.999311611405107,-0.0370985621140145));
#2020=DIRECTION('center_axis',(-4.54326353458972E-18,0.0370985621140145,
0.999311611405107));
#2021=DIRECTION('ref_axis',(-7.65186631179968E-16,-0.999311611405107,0.0370985621140145));
#2022=DIRECTION('',(1.,1.22464679914735E-16,0.));
#2023=DIRECTION('center_axis',(-4.54326353458972E-18,0.0370985621140145,
0.999311611405107));
#2024=DIRECTION('ref_axis',(-1.65275363898574E-15,-0.999311611405107,0.0370985621140145));
#2025=DIRECTION('',(2.68337786230438E-16,-0.999311611405107,0.0370985621140145));
#2026=DIRECTION('center_axis',(-4.54326353458972E-18,0.0370985621140145,
0.999311611405107));
#2027=DIRECTION('ref_axis',(7.65186631179968E-16,0.999311611405107,-0.0370985621140145));
#2028=DIRECTION('',(1.,2.2467163269956E-16,0.));
#2029=DIRECTION('center_axis',(0.,0.,-1.));
#2030=DIRECTION('ref_axis',(-1.,7.65713739785388E-16,0.));
#2031=DIRECTION('',(0.,0.,-1.));
#2032=DIRECTION('center_axis',(0.,0.,-1.));
#2033=DIRECTION('ref_axis',(-1.,7.65713739785388E-16,0.));
#2034=DIRECTION('',(0.,0.,-1.));
#2035=DIRECTION('center_axis',(-1.,-2.68522634149257E-16,0.));
#2036=DIRECTION('ref_axis',(-2.68522634149257E-16,1.,0.));
#2037=DIRECTION('',(0.,0.,-1.));
#2038=DIRECTION('',(-2.68522634149257E-16,1.,0.));
#2039=DIRECTION('center_axis',(0.,0.,-1.));
#2040=DIRECTION('ref_axis',(-1.65389215948551E-15,-1.,0.));
#2041=DIRECTION('',(0.,0.,-1.));
#2042=DIRECTION('center_axis',(0.,0.,-1.));
#2043=DIRECTION('ref_axis',(-1.65389215948551E-15,-1.,0.));
#2044=DIRECTION('center_axis',(1.22464679914735E-16,-1.,0.));
#2045=DIRECTION('ref_axis',(-1.,-1.22464679914735E-16,0.));
#2046=DIRECTION('',(0.,0.,-1.));
#2047=DIRECTION('',(-1.,-1.22464679914735E-16,0.));
#2048=DIRECTION('center_axis',(0.,0.,-1.));
#2049=DIRECTION('ref_axis',(1.,-7.65713739785388E-16,0.));
#2050=DIRECTION('',(0.,0.,-1.));
#2051=DIRECTION('center_axis',(0.,0.,-1.));
#2052=DIRECTION('ref_axis',(1.,-7.65713739785388E-16,0.));
#2053=DIRECTION('center_axis',(1.,2.68522634149257E-16,0.));
#2054=DIRECTION('ref_axis',(2.68522634149257E-16,-1.,0.));
#2055=DIRECTION('',(0.,0.,-1.));
#2056=DIRECTION('',(2.68522634149257E-16,-1.,0.));
#2057=DIRECTION('center_axis',(0.,0.,-1.));
#2058=DIRECTION('ref_axis',(-1.01064309961486E-15,1.,0.));
#2059=DIRECTION('',(0.,0.,-1.));
#2060=DIRECTION('center_axis',(0.,0.,-1.));
#2061=DIRECTION('ref_axis',(-1.01064309961486E-15,1.,0.));
#2062=DIRECTION('center_axis',(-2.2467163269956E-16,1.,0.));
#2063=DIRECTION('ref_axis',(1.,2.2467163269956E-16,0.));
#2064=DIRECTION('',(1.,2.2467163269956E-16,0.));
#2065=DIRECTION('center_axis',(0.,0.,-1.));
#2066=DIRECTION('ref_axis',(-1.,-1.22464679914735E-16,0.));
#2067=CARTESIAN_POINT('',(0.,0.,0.));
#2068=CARTESIAN_POINT('Origin',(0.,0.,3.));
#2069=CARTESIAN_POINT('',(-30.0000004470348,5.00000007450581,3.));
#2070=CARTESIAN_POINT('',(-30.0000004470348,-5.00000007450581,3.));
#2071=CARTESIAN_POINT('Origin',(-30.0000004470348,0.,3.));
#2072=CARTESIAN_POINT('',(-5.00000007450581,5.0000000745058,3.));
#2073=CARTESIAN_POINT('',(1.66666669150194,5.0000000745058,3.));
#2074=CARTESIAN_POINT('',(-5.00000007450581,15.0000002235174,3.));
#2075=CARTESIAN_POINT('',(-5.00000007450581,15.0000002235174,3.));
#2076=CARTESIAN_POINT('',(5.00000007450581,15.0000002235174,3.));
#2077=CARTESIAN_POINT('Origin',(0.,15.0000002235174,3.));
#2078=CARTESIAN_POINT('',(5.00000007450581,5.00000007450581,3.));
#2079=CARTESIAN_POINT('',(5.00000007450581,5.00000007450581,3.));
#2080=CARTESIAN_POINT('',(30.0000004470348,5.00000007450581,3.));
#2081=CARTESIAN_POINT('',(30.0000004470348,5.00000007450581,3.));
#2082=CARTESIAN_POINT('',(30.0000004470348,-5.00000007450581,3.));
#2083=CARTESIAN_POINT('Origin',(30.0000004470348,0.,3.));
#2084=CARTESIAN_POINT('',(5.00000007450581,-5.0000000745058,3.));
#2085=CARTESIAN_POINT('',(5.00000007450581,-5.0000000745058,3.));
#2086=CARTESIAN_POINT('',(5.00000007450581,-15.0000002235174,3.));
#2087=CARTESIAN_POINT('',(5.00000007450581,-15.0000002235174,3.));
#2088=CARTESIAN_POINT('',(-5.00000007450581,-15.0000002235174,3.));
#2089=CARTESIAN_POINT('Origin',(0.,-15.0000002235174,3.));
#2090=CARTESIAN_POINT('',(-5.00000007450581,-5.00000007450581,3.));
#2091=CARTESIAN_POINT('',(-5.00000007450581,0.833333345750967,3.));
#2092=CARTESIAN_POINT('',(-30.0000004470348,-5.00000007450581,3.));
#2093=CARTESIAN_POINT('Origin',(-5.00000007450581,5.0000000745058,0.));
#2094=CARTESIAN_POINT('',(-5.00000007450581,5.0000000745058,0.));
#2095=CARTESIAN_POINT('',(-30.0000004470348,5.00000007450581,0.));
#2096=CARTESIAN_POINT('',(-2.5000000372529,5.0000000745058,0.));
#2097=CARTESIAN_POINT('',(-5.00000007450581,5.0000000745058,0.));
#2098=CARTESIAN_POINT('',(-30.0000004470348,5.00000007450581,0.));
#2099=CARTESIAN_POINT('Origin',(-5.00000007450581,15.0000002235174,0.));
#2100=CARTESIAN_POINT('',(-5.00000007450581,15.0000002235174,0.));
#2101=CARTESIAN_POINT('',(-5.00000007450581,7.5000001117587,0.));
#2102=CARTESIAN_POINT('',(-5.00000007450581,15.0000002235174,0.));
#2103=CARTESIAN_POINT('Origin',(0.,15.0000002235174,0.));
#2104=CARTESIAN_POINT('',(5.00000007450581,15.0000002235174,0.));
#2105=CARTESIAN_POINT('Origin',(0.,15.0000002235174,0.));
#2106=CARTESIAN_POINT('',(5.00000007450581,15.0000002235174,0.));
#2107=CARTESIAN_POINT('Origin',(5.00000007450581,5.00000007450581,0.));
#2108=CARTESIAN_POINT('',(5.00000007450581,5.00000007450581,0.));
#2109=CARTESIAN_POINT('',(5.00000007450581,2.5000000372529,0.));
#2110=CARTESIAN_POINT('',(5.00000007450581,5.00000007450581,0.));
#2111=CARTESIAN_POINT('Origin',(30.0000004470348,5.00000007450581,0.));
#2112=CARTESIAN_POINT('',(30.0000004470348,5.00000007450581,0.));
#2113=CARTESIAN_POINT('',(15.0000002235174,5.00000007450581,0.));
#2114=CARTESIAN_POINT('',(30.0000004470348,5.00000007450581,0.));
#2115=CARTESIAN_POINT('Origin',(30.0000004470348,0.,0.));
#2116=CARTESIAN_POINT('',(30.0000004470348,-5.00000007450581,0.));
#2117=CARTESIAN_POINT('Origin',(30.0000004470348,0.,0.));
#2118=CARTESIAN_POINT('',(30.0000004470348,-5.00000007450581,0.));
#2119=CARTESIAN_POINT('Origin',(5.00000007450581,-5.0000000745058,0.));
#2120=CARTESIAN_POINT('',(5.00000007450581,-5.0000000745058,0.));
#2121=CARTESIAN_POINT('',(2.5000000372529,-5.0000000745058,0.));
#2122=CARTESIAN_POINT('',(5.00000007450581,-5.0000000745058,0.));
#2123=CARTESIAN_POINT('Origin',(5.00000007450581,-15.0000002235174,0.));
#2124=CARTESIAN_POINT('',(5.00000007450581,-15.0000002235174,0.));
#2125=CARTESIAN_POINT('',(5.00000007450581,-7.50000011175871,0.));
#2126=CARTESIAN_POINT('',(5.00000007450581,-15.0000002235174,0.));
#2127=CARTESIAN_POINT('Origin',(0.,-15.0000002235174,0.));
#2128=CARTESIAN_POINT('',(-5.00000007450581,-15.0000002235174,0.));
#2129=CARTESIAN_POINT('Origin',(0.,-15.0000002235174,0.));
#2130=CARTESIAN_POINT('',(-5.00000007450581,-15.0000002235174,0.));
#2131=CARTESIAN_POINT('Origin',(-5.00000007450581,-5.00000007450581,0.));
#2132=CARTESIAN_POINT('',(-5.00000007450581,-5.00000007450581,0.));
#2133=CARTESIAN_POINT('',(-5.00000007450581,-2.50000003725291,0.));
#2134=CARTESIAN_POINT('',(-5.00000007450581,-5.00000007450581,0.));
#2135=CARTESIAN_POINT('Origin',(-30.0000004470348,-5.00000007450581,0.));
#2136=CARTESIAN_POINT('',(-30.0000004470348,-5.00000007450581,0.));
#2137=CARTESIAN_POINT('',(-15.0000002235174,-5.00000007450581,0.));
#2138=CARTESIAN_POINT('',(-30.0000004470348,-5.00000007450581,0.));
#2139=CARTESIAN_POINT('Origin',(-30.0000004470348,0.,0.));
#2140=CARTESIAN_POINT('Origin',(-30.0000004470348,0.,0.));
#2141=CARTESIAN_POINT('Origin',(0.,-8.88178419700125E-15,5.));
#2142=CARTESIAN_POINT('',(43.45,30.405,5.));
#2143=CARTESIAN_POINT('',(43.45,-30.405,5.));
#2144=CARTESIAN_POINT('',(43.45,15.2025,5.));
#2145=CARTESIAN_POINT('',(-43.45,30.405,5.));
#2146=CARTESIAN_POINT('',(-21.725,30.405,5.));
#2147=CARTESIAN_POINT('',(-43.45,-30.405,5.));
#2148=CARTESIAN_POINT('',(-43.45,-15.2025,5.));
#2149=CARTESIAN_POINT('',(21.725,-30.405,5.));
#2150=CARTESIAN_POINT('Origin',(-43.45,-30.405,0.));
#2151=CARTESIAN_POINT('',(-43.45,30.405,10.));
#2152=CARTESIAN_POINT('',(-43.45,30.405,0.));
#2153=CARTESIAN_POINT('',(-43.45,-30.405,10.));
#2154=CARTESIAN_POINT('',(-43.45,-30.405,10.));
#2155=CARTESIAN_POINT('',(-43.45,-30.405,0.));
#2156=CARTESIAN_POINT('Origin',(-43.45,30.405,0.));
#2157=CARTESIAN_POINT('',(43.45,30.405,10.));
#2158=CARTESIAN_POINT('',(43.45,30.405,0.));
#2159=CARTESIAN_POINT('',(-43.45,30.405,10.));
#2160=CARTESIAN_POINT('Origin',(43.45,30.405,0.));
#2161=CARTESIAN_POINT('',(43.45,-30.405,10.));
#2162=CARTESIAN_POINT('',(43.45,-30.405,0.));
#2163=CARTESIAN_POINT('',(43.45,30.405,10.));
#2164=CARTESIAN_POINT('Origin',(43.45,-30.405,0.));
#2165=CARTESIAN_POINT('',(43.45,-30.405,10.));
#2166=CARTESIAN_POINT('Origin',(43.45,40.405,0.));
#2167=CARTESIAN_POINT('',(-43.45,40.405,0.));
#2168=CARTESIAN_POINT('',(43.45,40.405,0.));
#2169=CARTESIAN_POINT('',(-43.45,40.405,0.));
#2170=CARTESIAN_POINT('',(-43.45,40.405,10.));
#2171=CARTESIAN_POINT('',(-43.45,40.405,0.));
#2172=CARTESIAN_POINT('',(43.45,40.405,10.));
#2173=CARTESIAN_POINT('',(-43.45,40.405,10.));
#2174=CARTESIAN_POINT('',(43.45,40.405,0.));
#2175=CARTESIAN_POINT('Origin',(43.45,30.405,0.));
#2176=CARTESIAN_POINT('',(53.45,30.405,0.));
#2177=CARTESIAN_POINT('Origin',(43.45,30.405,0.));
#2178=CARTESIAN_POINT('',(53.45,30.405,10.));
#2179=CARTESIAN_POINT('Origin',(43.45,30.405,10.));
#2180=CARTESIAN_POINT('',(53.45,30.405,0.));
#2181=CARTESIAN_POINT('Origin',(53.45,-30.405,0.));
#2182=CARTESIAN_POINT('',(53.45,-30.405,0.));
#2183=CARTESIAN_POINT('',(53.45,30.405,0.));
#2184=CARTESIAN_POINT('',(53.45,-30.405,10.));
#2185=CARTESIAN_POINT('',(53.45,30.405,10.));
#2186=CARTESIAN_POINT('',(53.45,-30.405,0.));
#2187=CARTESIAN_POINT('Origin',(43.45,-30.405,0.));
#2188=CARTESIAN_POINT('',(43.45,-40.405,0.));
#2189=CARTESIAN_POINT('Origin',(43.45,-30.405,0.));
#2190=CARTESIAN_POINT('',(43.45,-40.405,10.));
#2191=CARTESIAN_POINT('Origin',(43.45,-30.405,10.));
#2192=CARTESIAN_POINT('',(43.45,-40.405,0.));
#2193=CARTESIAN_POINT('Origin',(-43.45,-40.405,0.));
#2194=CARTESIAN_POINT('',(-43.45,-40.405,0.));
#2195=CARTESIAN_POINT('',(43.45,-40.405,0.));
#2196=CARTESIAN_POINT('',(-43.45,-40.405,10.));
#2197=CARTESIAN_POINT('',(43.45,-40.405,10.));
#2198=CARTESIAN_POINT('',(-43.45,-40.405,0.));
#2199=CARTESIAN_POINT('Origin',(-43.45,-30.405,0.));
#2200=CARTESIAN_POINT('',(-53.45,-30.405,0.));
#2201=CARTESIAN_POINT('Origin',(-43.45,-30.405,0.));
#2202=CARTESIAN_POINT('',(-53.45,-30.405,10.));
#2203=CARTESIAN_POINT('Origin',(-43.45,-30.405,10.));
#2204=CARTESIAN_POINT('',(-53.45,-30.405,0.));
#2205=CARTESIAN_POINT('Origin',(-53.45,30.405,0.));
#2206=CARTESIAN_POINT('',(-53.45,30.405,0.));
#2207=CARTESIAN_POINT('',(-53.45,-30.405,0.));
#2208=CARTESIAN_POINT('',(-53.45,30.405,10.));
#2209=CARTESIAN_POINT('',(-53.45,-30.405,10.));
#2210=CARTESIAN_POINT('',(-53.45,30.405,0.));
#2211=CARTESIAN_POINT('Origin',(-43.45,30.405,0.));
#2212=CARTESIAN_POINT('Origin',(-43.45,30.405,0.));
#2213=CARTESIAN_POINT('Origin',(-43.45,30.405,10.));
#2214=CARTESIAN_POINT('Origin',(0.,-8.88178419700125E-15,10.));
#2215=CARTESIAN_POINT('Origin',(0.,-8.88178419700125E-15,0.));
#2216=CARTESIAN_POINT('Origin',(-47.9999992698431,0.,10.));
#2217=CARTESIAN_POINT('',(-49.999999299646,2.44929363479267E-16,12.));
#2218=CARTESIAN_POINT('Origin',(-47.9999992698431,0.,12.));
#2219=CARTESIAN_POINT('',(-49.999999299646,2.44929363479267E-16,10.));
#2220=CARTESIAN_POINT('',(-49.999999299646,-2.44929363479267E-16,10.));
#2221=CARTESIAN_POINT('Origin',(-47.9999992698431,0.,10.));
#2222=CARTESIAN_POINT('Origin',(0.,0.,12.));
#2223=CARTESIAN_POINT('',(-45.6499992698431,2.87791997799628E-16,12.));
#2224=CARTESIAN_POINT('Origin',(-47.9999992698431,0.,12.));
#2225=CARTESIAN_POINT('Origin',(48.0000007301569,0.,10.));
#2226=CARTESIAN_POINT('',(46.0000007003546,2.44929363479203E-16,12.));
#2227=CARTESIAN_POINT('Origin',(48.0000007301569,0.,12.));
#2228=CARTESIAN_POINT('',(46.0000007003546,2.44929363479203E-16,10.));
#2229=CARTESIAN_POINT('',(46.0000007003546,-2.44929363479203E-16,10.));
#2230=CARTESIAN_POINT('Origin',(48.0000007301569,0.,10.));
#2231=CARTESIAN_POINT('Origin',(0.,0.,12.));
#2232=CARTESIAN_POINT('',(50.3500007301569,2.87791997799628E-16,12.));
#2233=CARTESIAN_POINT('Origin',(48.0000007301569,0.,12.));
#2234=CARTESIAN_POINT('Origin',(-33.5000005960464,30.405,10.0000002533197));
#2235=CARTESIAN_POINT('',(-40.0000005960464,40.405,10.));
#2236=CARTESIAN_POINT('',(-33.5000005960464,40.405,16.5));
#2237=CARTESIAN_POINT('Origin',(-33.5000005960464,40.405,10.0000002533197));
#2238=CARTESIAN_POINT('',(-33.5000005960464,30.405,16.5000002533197));
#2239=CARTESIAN_POINT('',(-33.5000005960464,30.405,16.5000002533197));
#2240=CARTESIAN_POINT('',(-40.0000005960464,30.405,10.));
#2241=CARTESIAN_POINT('Origin',(-33.5000005960464,30.405,10.0000002533197));
#2242=CARTESIAN_POINT('',(-40.0000005960464,15.2025,10.));
#2243=CARTESIAN_POINT('Origin',(-40.0000005960464,30.405,16.5000002533197));
#2244=CARTESIAN_POINT('',(-26.5000002980232,40.405,16.5));
#2245=CARTESIAN_POINT('',(21.725,40.405,16.5));
#2246=CARTESIAN_POINT('',(-26.5000002980232,30.405,16.5000002533197));
#2247=CARTESIAN_POINT('',(-26.5000002980232,30.405,16.5000002533197));
#2248=CARTESIAN_POINT('',(-41.7250002980232,30.405,16.5000002533197));
#2249=CARTESIAN_POINT('Origin',(-26.5000002980232,30.405,10.0000002533197));
#2250=CARTESIAN_POINT('',(-20.0000002980232,30.405,10.));
#2251=CARTESIAN_POINT('Origin',(-26.5000002980232,30.405,10.0000002533197));
#2252=CARTESIAN_POINT('',(-20.0000002980232,40.405,10.));
#2253=CARTESIAN_POINT('Origin',(-26.5000002980232,40.405,10.0000002533197));
#2254=CARTESIAN_POINT('',(-20.0000002980232,15.2025,10.));
#2255=CARTESIAN_POINT('Origin',(43.45,40.405,10.));
#2256=CARTESIAN_POINT('',(-43.45,40.405,10.));
#2257=CARTESIAN_POINT('',(43.45,40.405,10.));
#2258=CARTESIAN_POINT('',(-43.45,40.405,17.));
#2259=CARTESIAN_POINT('',(-43.45,40.405,10.));
#2260=CARTESIAN_POINT('',(43.45,40.405,17.));
#2261=CARTESIAN_POINT('',(21.725,40.405,17.));
#2262=CARTESIAN_POINT('',(43.45,40.405,10.));
#2263=CARTESIAN_POINT('',(43.45,40.405,10.));
#2264=CARTESIAN_POINT('',(43.45,40.405,10.));
#2265=CARTESIAN_POINT('Origin',(52.45,-15.2025,17.));
#2266=CARTESIAN_POINT('',(52.45,-30.405,18.));
#2267=CARTESIAN_POINT('',(53.45,-30.405,17.));
#2268=CARTESIAN_POINT('Origin',(52.45,-30.405,17.));
#2269=CARTESIAN_POINT('',(53.45,30.405,17.));
#2270=CARTESIAN_POINT('',(53.45,-15.2025,17.));
#2271=CARTESIAN_POINT('',(52.45,30.405,18.));
#2272=CARTESIAN_POINT('Origin',(52.45,30.405,17.));
#2273=CARTESIAN_POINT('',(52.45,-15.2025,18.));
#2274=CARTESIAN_POINT('Origin',(43.45,30.405,17.));
#2275=CARTESIAN_POINT('',(43.45,39.405,18.));
#2276=CARTESIAN_POINT('Origin',(43.45,39.405,17.));
#2277=CARTESIAN_POINT('Origin',(43.45,30.405,18.));
#2278=CARTESIAN_POINT('Origin',(43.45,30.405,17.));
#2279=CARTESIAN_POINT('Origin',(21.725,39.405,17.));
#2280=CARTESIAN_POINT('',(-43.45,39.405,18.));
#2281=CARTESIAN_POINT('Origin',(-43.45,39.405,17.));
#2282=CARTESIAN_POINT('',(21.725,39.405,18.));
#2283=CARTESIAN_POINT('Origin',(-43.45,30.405,17.));
#2284=CARTESIAN_POINT('',(-53.45,30.405,17.));
#2285=CARTESIAN_POINT('',(-52.45,30.405,18.));
#2286=CARTESIAN_POINT('Origin',(-52.45,30.405,17.));
#2287=CARTESIAN_POINT('Origin',(-43.45,30.405,18.));
#2288=CARTESIAN_POINT('Origin',(-43.45,30.405,17.));
#2289=CARTESIAN_POINT('Origin',(-52.45,15.2025,17.));
#2290=CARTESIAN_POINT('',(-53.45,-30.405,17.));
#2291=CARTESIAN_POINT('',(-52.45,-30.405,18.));
#2292=CARTESIAN_POINT('Origin',(-52.45,-30.405,17.));
#2293=CARTESIAN_POINT('',(-52.45,15.2025,18.));
#2294=CARTESIAN_POINT('',(-53.45,15.2025,17.));
#2295=CARTESIAN_POINT('Origin',(-43.45,-30.405,17.));
#2296=CARTESIAN_POINT('',(-43.45,-40.405,17.));
#2297=CARTESIAN_POINT('',(-43.45,-39.405,18.));
#2298=CARTESIAN_POINT('Origin',(-43.45,-39.405,17.));
#2299=CARTESIAN_POINT('Origin',(-43.45,-30.405,18.));
#2300=CARTESIAN_POINT('Origin',(-43.45,-30.405,17.));
#2301=CARTESIAN_POINT('Origin',(-21.725,-39.405,17.));
#2302=CARTESIAN_POINT('',(43.45,-40.405,17.));
#2303=CARTESIAN_POINT('',(43.45,-39.405,18.));
#2304=CARTESIAN_POINT('Origin',(43.45,-39.405,17.));
#2305=CARTESIAN_POINT('',(-21.725,-39.405,18.));
#2306=CARTESIAN_POINT('',(-21.725,-40.405,17.));
#2307=CARTESIAN_POINT('Origin',(43.45,-30.405,17.));
#2308=CARTESIAN_POINT('Origin',(43.45,-30.405,18.));
#2309=CARTESIAN_POINT('Origin',(43.45,-30.405,17.));
#2310=CARTESIAN_POINT('Origin',(-43.45,30.405,10.));
#2311=CARTESIAN_POINT('',(-53.45,30.405,10.));
#2312=CARTESIAN_POINT('Origin',(-43.45,30.405,10.));
#2313=CARTESIAN_POINT('',(-53.45,30.405,10.));
#2314=CARTESIAN_POINT('Origin',(43.45,30.405,10.));
#2315=CARTESIAN_POINT('',(53.45,30.405,10.));
#2316=CARTESIAN_POINT('',(53.45,30.405,10.));
#2317=CARTESIAN_POINT('Origin',(43.45,30.405,10.));
#2318=CARTESIAN_POINT('Origin',(53.45,-30.405,10.));
#2319=CARTESIAN_POINT('',(53.45,-30.405,10.));
#2320=CARTESIAN_POINT('',(53.45,-30.405,10.));
#2321=CARTESIAN_POINT('',(53.45,-30.405,10.));
#2322=CARTESIAN_POINT('Origin',(0.,0.,18.));
#2323=CARTESIAN_POINT('',(43.45,30.405,18.));
#2324=CARTESIAN_POINT('',(43.45,-30.405,18.));
#2325=CARTESIAN_POINT('',(43.45,30.405,18.));
#2326=CARTESIAN_POINT('',(-43.45,-30.405,18.));
#2327=CARTESIAN_POINT('',(43.45,-30.405,18.));
#2328=CARTESIAN_POINT('',(-43.45,30.405,18.));
#2329=CARTESIAN_POINT('',(-43.45,-30.405,18.));
#2330=CARTESIAN_POINT('',(-43.45,30.405,18.));
#2331=CARTESIAN_POINT('',(50.3500007301569,2.87791997799628E-16,18.));
#2332=CARTESIAN_POINT('Origin',(48.0000007301569,0.,18.));
#2333=CARTESIAN_POINT('',(-45.6499992698431,2.87791997799628E-16,18.));
#2334=CARTESIAN_POINT('Origin',(-47.9999992698431,0.,18.));
#2335=CARTESIAN_POINT('Origin',(-43.45,30.405,10.));
#2336=CARTESIAN_POINT('',(43.45,30.405,10.));
#2337=CARTESIAN_POINT('',(-43.45,30.405,10.));
#2338=CARTESIAN_POINT('',(43.45,30.405,10.));
#2339=CARTESIAN_POINT('',(-43.45,30.405,10.));
#2340=CARTESIAN_POINT('',(-43.45,30.405,10.));
#2341=CARTESIAN_POINT('',(-43.45,30.405,10.));
#2342=CARTESIAN_POINT('Origin',(-43.45,-30.405,10.));
#2343=CARTESIAN_POINT('',(-43.45,-30.405,10.));
#2344=CARTESIAN_POINT('',(-43.45,-30.405,10.));
#2345=CARTESIAN_POINT('',(-43.45,-30.405,10.));
#2346=CARTESIAN_POINT('Origin',(43.45,-30.405,10.));
#2347=CARTESIAN_POINT('',(43.45,-30.405,10.));
#2348=CARTESIAN_POINT('',(43.45,-30.405,10.));
#2349=CARTESIAN_POINT('',(43.45,-30.405,10.));
#2350=CARTESIAN_POINT('Origin',(43.45,30.405,10.));
#2351=CARTESIAN_POINT('',(43.45,30.405,10.));
#2352=CARTESIAN_POINT('Origin',(48.0000007301569,0.,10.));
#2353=CARTESIAN_POINT('',(50.3500007301569,2.87791997799628E-16,10.));
#2354=CARTESIAN_POINT('Origin',(-47.9999992698431,0.,10.));
#2355=CARTESIAN_POINT('',(-45.6499992698431,2.87791997799628E-16,10.));
#2356=CARTESIAN_POINT('Origin',(43.45,-30.405,10.));
#2357=CARTESIAN_POINT('',(43.45,-40.405,10.));
#2358=CARTESIAN_POINT('',(43.45,-40.405,10.));
#2359=CARTESIAN_POINT('Origin',(43.45,-30.405,10.));
#2360=CARTESIAN_POINT('Origin',(-43.45,-40.405,10.));
#2361=CARTESIAN_POINT('',(-43.45,-40.405,10.));
#2362=CARTESIAN_POINT('',(-43.45,-40.405,10.));
#2363=CARTESIAN_POINT('',(-43.45,-40.405,10.));
#2364=CARTESIAN_POINT('Origin',(-43.45,-30.405,10.));
#2365=CARTESIAN_POINT('',(-53.45,-30.405,10.));
#2366=CARTESIAN_POINT('',(-53.45,-30.405,10.));
#2367=CARTESIAN_POINT('Origin',(-43.45,-30.405,10.));
#2368=CARTESIAN_POINT('Origin',(-53.45,30.405,10.));
#2369=CARTESIAN_POINT('',(-53.45,30.405,10.));
#2370=CARTESIAN_POINT('Origin',(0.,0.,10.));
#2371=CARTESIAN_POINT('Origin',(-30.0000004470348,-3.67394045218804E-15,
3.));
#2372=CARTESIAN_POINT('',(-30.0000004470348,-4.80000007450581,0.));
#2373=CARTESIAN_POINT('',(-30.0000004470348,4.8000000745058,0.));
#2374=CARTESIAN_POINT('Origin',(-30.0000004470348,-3.67394045218804E-15,
0.));
#2375=CARTESIAN_POINT('',(-30.0000004470348,-4.80000007450581,3.));
#2376=CARTESIAN_POINT('',(-30.0000004470348,-4.80000007450581,3.));
#2377=CARTESIAN_POINT('',(-30.0000004470348,4.8000000745058,3.));
#2378=CARTESIAN_POINT('Origin',(-30.0000004470348,-3.67394045218804E-15,
3.));
#2379=CARTESIAN_POINT('',(-30.0000004470348,4.8000000745058,3.));
#2380=CARTESIAN_POINT('Origin',(-4.8000000745058,-4.80000007450581,3.));
#2381=CARTESIAN_POINT('',(-4.8000000745058,-4.80000007450581,0.));
#2382=CARTESIAN_POINT('',(-2.4000000372529,-4.80000007450581,0.));
#2383=CARTESIAN_POINT('',(-4.8000000745058,-4.80000007450581,3.));
#2384=CARTESIAN_POINT('',(-4.8000000745058,-4.80000007450581,3.));
#2385=CARTESIAN_POINT('',(-4.8000000745058,-4.80000007450581,3.));
#2386=CARTESIAN_POINT('Origin',(-4.8000000745058,-15.0000002235174,3.));
#2387=CARTESIAN_POINT('',(-4.8000000745058,-15.0000002235174,0.));
#2388=CARTESIAN_POINT('',(-4.8000000745058,-7.50000011175871,0.));
#2389=CARTESIAN_POINT('',(-4.8000000745058,-15.0000002235174,3.));
#2390=CARTESIAN_POINT('',(-4.8000000745058,-15.0000002235174,3.));
#2391=CARTESIAN_POINT('',(-4.8000000745058,-15.0000002235174,3.));
#2392=CARTESIAN_POINT('Origin',(1.83697022609402E-15,-15.0000002235174,
3.));
#2393=CARTESIAN_POINT('',(4.80000007450581,-15.0000002235174,0.));
#2394=CARTESIAN_POINT('Origin',(1.83697022609402E-15,-15.0000002235174,
0.));
#2395=CARTESIAN_POINT('',(4.80000007450581,-15.0000002235174,3.));
#2396=CARTESIAN_POINT('',(4.80000007450581,-15.0000002235174,3.));
#2397=CARTESIAN_POINT('Origin',(1.83697022609402E-15,-15.0000002235174,
3.));
#2398=CARTESIAN_POINT('Origin',(4.80000007450581,-4.8000000745058,3.));
#2399=CARTESIAN_POINT('',(4.80000007450581,-4.8000000745058,0.));
#2400=CARTESIAN_POINT('',(4.80000007450581,-2.4000000372529,0.));
#2401=CARTESIAN_POINT('',(4.80000007450581,-4.8000000745058,3.));
#2402=CARTESIAN_POINT('',(4.80000007450581,-4.8000000745058,3.));
#2403=CARTESIAN_POINT('',(4.80000007450581,-4.8000000745058,3.));
#2404=CARTESIAN_POINT('Origin',(30.0000004470348,-4.8000000745058,3.));
#2405=CARTESIAN_POINT('',(30.0000004470348,-4.8000000745058,0.));
#2406=CARTESIAN_POINT('',(15.0000002235174,-4.8000000745058,0.));
#2407=CARTESIAN_POINT('',(30.0000004470348,-4.8000000745058,3.));
#2408=CARTESIAN_POINT('',(30.0000004470348,-4.8000000745058,3.));
#2409=CARTESIAN_POINT('',(30.0000004470348,-4.8000000745058,3.));
#2410=CARTESIAN_POINT('Origin',(30.0000004470348,3.67394045218804E-15,3.));
#2411=CARTESIAN_POINT('',(30.0000004470348,4.80000007450581,0.));
#2412=CARTESIAN_POINT('Origin',(30.0000004470348,3.67394045218804E-15,0.));
#2413=CARTESIAN_POINT('',(30.0000004470348,4.80000007450581,3.));
#2414=CARTESIAN_POINT('',(30.0000004470348,4.80000007450581,3.));
#2415=CARTESIAN_POINT('Origin',(30.0000004470348,3.67394045218804E-15,3.));
#2416=CARTESIAN_POINT('Origin',(4.8000000745058,4.80000007450581,3.));
#2417=CARTESIAN_POINT('',(4.8000000745058,4.80000007450581,0.));
#2418=CARTESIAN_POINT('',(2.4000000372529,4.80000007450581,0.));
#2419=CARTESIAN_POINT('',(4.8000000745058,4.80000007450581,3.));
#2420=CARTESIAN_POINT('',(4.8000000745058,4.80000007450581,3.));
#2421=CARTESIAN_POINT('',(4.8000000745058,4.80000007450581,3.));
#2422=CARTESIAN_POINT('Origin',(4.8000000745058,15.0000002235174,3.));
#2423=CARTESIAN_POINT('',(4.8000000745058,15.0000002235174,0.));
#2424=CARTESIAN_POINT('',(4.8000000745058,7.50000011175871,0.));
#2425=CARTESIAN_POINT('',(4.8000000745058,15.0000002235174,3.));
#2426=CARTESIAN_POINT('',(4.8000000745058,15.0000002235174,3.));
#2427=CARTESIAN_POINT('',(4.8000000745058,15.0000002235174,3.));
#2428=CARTESIAN_POINT('Origin',(-1.83697022609402E-15,15.0000002235174,
3.));
#2429=CARTESIAN_POINT('',(-4.80000007450581,15.0000002235174,0.));
#2430=CARTESIAN_POINT('Origin',(-1.83697022609402E-15,15.0000002235174,
0.));
#2431=CARTESIAN_POINT('',(-4.80000007450581,15.0000002235174,3.));
#2432=CARTESIAN_POINT('',(-4.80000007450581,15.0000002235174,3.));
#2433=CARTESIAN_POINT('Origin',(-1.83697022609402E-15,15.0000002235174,
3.));
#2434=CARTESIAN_POINT('Origin',(-4.80000007450581,4.8000000745058,3.));
#2435=CARTESIAN_POINT('',(-4.80000007450581,4.8000000745058,0.));
#2436=CARTESIAN_POINT('',(-4.80000007450581,2.4000000372529,0.));
#2437=CARTESIAN_POINT('',(-4.80000007450581,4.8000000745058,3.));
#2438=CARTESIAN_POINT('',(-4.80000007450581,4.8000000745058,3.));
#2439=CARTESIAN_POINT('',(-4.80000007450581,4.8000000745058,3.));
#2440=CARTESIAN_POINT('Origin',(-30.0000004470348,4.8000000745058,3.));
#2441=CARTESIAN_POINT('',(-15.0000002235174,4.8000000745058,0.));
#2442=CARTESIAN_POINT('',(-30.0000004470348,4.8000000745058,3.));
#2443=CARTESIAN_POINT('Origin',(0.,0.,3.));
#2444=CARTESIAN_POINT('Origin',(-53.45,40.405,-5.));
#2445=CARTESIAN_POINT('',(53.45,30.405,-4.62875882066605));
#2446=CARTESIAN_POINT('',(43.45,40.405,-5.));
#2447=CARTESIAN_POINT('Origin',(43.45,30.405,-4.62875882066605));
#2448=CARTESIAN_POINT('',(53.45,-30.405,-2.37124120913628));
#2449=CARTESIAN_POINT('',(53.45,35.3191989568372,-4.81119412228784));
#2450=CARTESIAN_POINT('',(43.45,-40.405,-2.00000002980232));
#2451=CARTESIAN_POINT('Origin',(43.45,-30.405,-2.37124120913628));
#2452=CARTESIAN_POINT('',(-43.45,-40.405,-2.00000002980232));
#2453=CARTESIAN_POINT('',(-4.99999999999999,-40.405,-2.00000002980232));
#2454=CARTESIAN_POINT('',(-53.45,-30.405,-2.37124120913628));
#2455=CARTESIAN_POINT('Origin',(-43.45,-30.405,-2.37124120913628));
#2456=CARTESIAN_POINT('',(-53.45,30.405,-4.62875882066605));
#2457=CARTESIAN_POINT('',(-53.45,4.95604545900596,-3.68398883100457));
#2458=CARTESIAN_POINT('',(-43.45,40.405,-5.));
#2459=CARTESIAN_POINT('Origin',(-43.45,30.405,-4.62875882066605));
#2460=CARTESIAN_POINT('',(-43.45,40.405,-5.));
#2461=CARTESIAN_POINT('Origin',(-43.45,30.405,0.));
#2462=CARTESIAN_POINT('',(-53.45,30.405,0.));
#2463=CARTESIAN_POINT('',(-53.45,30.405,0.));
#2464=CARTESIAN_POINT('',(-43.45,40.405,0.));
#2465=CARTESIAN_POINT('Origin',(-43.45,30.405,0.));
#2466=CARTESIAN_POINT('',(-43.45,40.405,0.));
#2467=CARTESIAN_POINT('Origin',(-53.45,-30.405,0.));
#2468=CARTESIAN_POINT('',(-53.45,-30.405,0.));
#2469=CARTESIAN_POINT('',(-53.45,-30.405,0.));
#2470=CARTESIAN_POINT('',(-53.45,-30.405,0.));
#2471=CARTESIAN_POINT('Origin',(-43.45,-30.405,0.));
#2472=CARTESIAN_POINT('',(-43.45,-40.405,0.));
#2473=CARTESIAN_POINT('',(-43.45,-40.405,0.));
#2474=CARTESIAN_POINT('Origin',(-43.45,-30.405,0.));
#2475=CARTESIAN_POINT('Origin',(43.45,-40.405,0.));
#2476=CARTESIAN_POINT('',(43.45,-40.405,0.));
#2477=CARTESIAN_POINT('',(43.45,-40.405,0.));
#2478=CARTESIAN_POINT('',(43.45,-40.405,0.));
#2479=CARTESIAN_POINT('Origin',(43.45,-30.405,0.));
#2480=CARTESIAN_POINT('',(53.45,-30.405,0.));
#2481=CARTESIAN_POINT('',(53.45,-30.405,0.));
#2482=CARTESIAN_POINT('Origin',(43.45,-30.405,0.));
#2483=CARTESIAN_POINT('Origin',(53.45,30.405,0.));
#2484=CARTESIAN_POINT('',(53.45,30.405,0.));
#2485=CARTESIAN_POINT('',(53.45,30.405,0.));
#2486=CARTESIAN_POINT('',(53.45,30.405,0.));
#2487=CARTESIAN_POINT('Origin',(43.45,30.405,0.));
#2488=CARTESIAN_POINT('',(43.45,40.405,0.));
#2489=CARTESIAN_POINT('',(43.45,40.405,0.));
#2490=CARTESIAN_POINT('Origin',(43.45,30.405,0.));
#2491=CARTESIAN_POINT('Origin',(-43.45,40.405,0.));
#2492=CARTESIAN_POINT('',(-43.45,40.405,0.));
#2493=CARTESIAN_POINT('Origin',(0.,0.,0.));
#2494=UNCERTAINTY_MEASURE_WITH_UNIT(LENGTH_MEASURE(0.01),#2498,
'DISTANCE_ACCURACY_VALUE',
'Maximum model space distance between geometric entities at asserted c
onnectivities');
#2495=UNCERTAINTY_MEASURE_WITH_UNIT(LENGTH_MEASURE(0.01),#2498,
'DISTANCE_ACCURACY_VALUE',
'Maximum model space distance between geometric entities at asserted c
onnectivities');
#2496=(
GEOMETRIC_REPRESENTATION_CONTEXT(3)
GLOBAL_UNCERTAINTY_ASSIGNED_CONTEXT((#2494))
GLOBAL_UNIT_ASSIGNED_CONTEXT((#2498,#2499,#2500))
REPRESENTATION_CONTEXT('','3D')
);
#2497=(
GEOMETRIC_REPRESENTATION_CONTEXT(3)
GLOBAL_UNCERTAINTY_ASSIGNED_CONTEXT((#2495))
GLOBAL_UNIT_ASSIGNED_CONTEXT((#2498,#2499,#2500))
REPRESENTATION_CONTEXT('','3D')
);
#2498=(
LENGTH_UNIT()
NAMED_UNIT(*)
SI_UNIT(.MILLI.,.METRE.)
);
#2499=(
NAMED_UNIT(*)
PLANE_ANGLE_UNIT()
SI_UNIT($,.RADIAN.)
);
#2500=(
NAMED_UNIT(*)
SI_UNIT($,.STERADIAN.)
SOLID_ANGLE_UNIT()
);
#2501=SHAPE_DEFINITION_REPRESENTATION(#2502,#2503);
#2502=PRODUCT_DEFINITION_SHAPE('',$,#2505);
#2503=SHAPE_REPRESENTATION('',(#1482),#2496);
#2504=PRODUCT_DEFINITION_CONTEXT('part definition',#2509,'design');
#2505=PRODUCT_DEFINITION('rrsas 1','Hacky',#2506,#2504);
#2506=PRODUCT_DEFINITION_FORMATION('',$,#2511);
#2507=PRODUCT_RELATED_PRODUCT_CATEGORY('Hacky','Hacky',(#2511));
#2508=APPLICATION_PROTOCOL_DEFINITION('international standard',
'automotive_design',2009,#2509);
#2509=APPLICATION_CONTEXT(
'Core Data for Automotive Mechanical Design Process');
#2510=PRODUCT_CONTEXT('part definition',#2509,'mechanical');
#2511=PRODUCT('rrsas 1','Hacky','KiCad electronic assembly',(#2510));
#2512=PRESENTATION_STYLE_ASSIGNMENT((#2513));
#2513=SURFACE_STYLE_USAGE(.BOTH.,#2514);
#2514=SURFACE_SIDE_STYLE('',(#2515));
#2515=SURFACE_STYLE_FILL_AREA(#2516);
#2516=FILL_AREA_STYLE('ABS (White)',(#2517));
#2517=FILL_AREA_STYLE_COLOUR('ABS (White)',#2518);
#2518=COLOUR_RGB('ABS (White)',0.964705882352941,0.964705882352941,0.952941176470588);
ENDSEC;
END-ISO-10303-21;
